,genre|album_rock,genre|alternative_rock,genre|art_rock,genre|atl_hip_hop,genre|blues_rock,genre|boy_band,genre|british_invasion,genre|british_soul,genre|british_soundtrack,genre|broadway,genre|bubblegum_dance,genre|canadian_latin,genre|canadian_metal,genre|canadian_pop,genre|candy_pop,genre|chill_r,genre|classic_canadian_rock,genre|classic_rock,genre|comic,genre|contemporary_r,genre|country_rock,genre|dance_pop,genre|dance_rock,genre|dirty_south_rap,genre|edm,genre|eurodance,genre|europop,genre|finnish_metal,genre|finnish_power_metal,genre|german_hard_rock,genre|german_metal,genre|german_rock,genre|german_techno,genre|girl_group,genre|glam_metal,genre|glam_rock,genre|gothic_metal,genre|gothic_symphonic_metal,genre|grunge,genre|hard_rock,genre|heartland_rock,genre|hip_hop,genre|hip_pop,genre|hollywood,genre|indie_pop_rap,genre|indietronica,genre|korean_pop,genre|korean_r,genre|lilith,genre|melbourne_bounce_international,genre|mellow_gold,genre|metal,genre|modern_rock,genre|neo_mellow,genre|neon_pop_punk,genre|new_rave,genre|new_wave_pop,genre|nu_metal,genre|old_school_atlanta_hip_hop,genre|opera_metal,genre|otacore,genre|permanent_wave,genre|piano_rock,genre|pixie,genre|pop,genre|pop_boy_group,genre|pop_girl_group,genre|pop_punk,genre|pop_r,genre|pop_rap,genre|pop_rock,genre|post,genre|power_metal,genre|progressive_rock,genre|punk,genre|rap,genre|reggae_fusion,genre|rock,genre|scorecore,genre|show_tunes,genre|singer,genre|socal_pop_punk,genre|soft_rock,genre|songwriter,genre|south_carolina_hip_hop,genre|southern_hip_hop,genre|southern_rock,genre|swamp_rock,genre|symphonic_metal,genre|symphonic_rock,genre|teen_pop,genre|texas_pop_punk,genre|trap_queen,genre|unknown,genre|urban_contemporary,genre|virginia_hip_hop,genre|vocal_jazz,genre|yacht_rock,artistpop,trackpop,loudness,danceability,energy,loudness,speechiness,acousticness,instrumentalness,liveness,valence,tempo,id
0,0.0,0.0,0.0,0.0,0.0,0.0,0.0,0.0,0.0,0.0,0.0,0.0,0.0,0.0,0.0,0.0,0.0,0.0,0.0,0.0,0.0,0.19673225816218207,0.0,0.0,0.0,0.0,0.0,0.0,0.0,0.0,0.0,0.0,0.0,0.0,0.0,0.0,0.0,0.0,0.0,0.0,0.0,0.4445702900926326,0.36098466572703486,0.0,0.0,0.0,0.0,0.0,0.0,0.0,0.0,0.0,0.0,0.0,0.0,0.0,0.0,0.0,0.0,0.0,0.0,0.0,0.0,0.0,0.0,0.0,0.0,0.0,0.0,0.3257988128192281,0.0,0.0,0.0,0.0,0.0,0.4445702900926326,0.0,0.0,0.0,0.0,0.0,0.0,0.0,0.0,0.0,0.0,0.0,0.0,0.0,0.0,0.0,0.0,0.0,0.0,0.3078128578529707,0.48456927487019097,0.0,0.0,0.6451612903225805,0.7951807228915663,0.5496924331134662,0.9601453522447544,0.7885862516212712,0.5496924331134662,0.2008412197686646,0.03481599773166642,0.0070332996972754785,0.029200230149597252,0.813701923076923,0.43385994338334244,0UaMYEvWZi0ZqiDOoHU3YI
1,0.0,0.0,0.0,0.0,0.0,0.0,0.0,0.0,0.0,0.0,0.0,0.0,0.0,0.0,0.0,0.0,0.0,0.0,0.0,0.0,0.0,0.4391237200345659,0.0,0.0,0.0,0.0,0.0,0.0,0.0,0.0,0.0,0.0,0.0,0.0,0.0,0.0,0.0,0.0,0.0,0.0,0.0,0.0,0.0,0.0,0.0,0.0,0.0,0.0,0.0,0.0,0.0,0.0,0.0,0.0,0.0,0.0,0.0,0.0,0.0,0.0,0.0,0.0,0.0,0.0,0.42753185054361875,0.0,0.0,0.0,0.0,0.0,0.0,0.5535975249226113,0.0,0.0,0.0,0.0,0.0,0.0,0.0,0.0,0.0,0.0,0.0,0.0,0.0,0.0,0.0,0.0,0.0,0.0,0.5638409843859455,0.0,0.0,0.0,0.0,0.0,0.0,0.0,0.8387096774193548,0.9759036144578314,0.7861854294819535,0.8077599343570507,0.8210116731517509,0.7861854294819535,0.18611987381703474,0.027873033566376163,0.025227043390514632,0.3095512082853855,0.9507211538461539,0.550401421383064,6I9VzXrHxO9rA9A5euc8Ak
2,0.0,0.0,0.0,0.0,0.0,0.0,0.0,0.0,0.0,0.0,0.0,0.0,0.0,0.0,0.0,0.0,0.0,0.0,0.0,0.0,0.0,0.7165005323264744,0.0,0.0,0.0,0.0,0.0,0.0,0.0,0.0,0.0,0.0,0.0,0.0,0.0,0.0,0.0,0.0,0.0,0.0,0.0,0.0,0.0,0.0,0.0,0.0,0.0,0.0,0.0,0.0,0.0,0.0,0.0,0.0,0.0,0.0,0.0,0.0,0.0,0.0,0.0,0.0,0.0,0.0,0.6975865445777167,0.0,0.0,0.0,0.0,0.0,0.0,0.0,0.0,0.0,0.0,0.0,0.0,0.0,0.0,0.0,0.0,0.0,0.0,0.0,0.0,0.0,0.0,0.0,0.0,0.0,0.0,0.0,0.0,0.0,0.0,0.0,0.0,0.0,0.9193548387096773,0.27710843373493976,0.5883791595642184,0.6788184269136092,0.7172503242542154,0.5883791595642184,0.38801261829653,0.0026543959853541532,0.0,0.04746835443037976,0.6826923076923076,0.2601515523173715,0WqIKmW4BTrj3eJFmnCKMv
3,0.0,0.0,0.0,0.0,0.0,0.0,0.0,0.0,0.0,0.0,0.0,0.0,0.0,0.0,0.0,0.0,0.0,0.0,0.0,0.0,0.0,0.7165005323264744,0.0,0.0,0.0,0.0,0.0,0.0,0.0,0.0,0.0,0.0,0.0,0.0,0.0,0.0,0.0,0.0,0.0,0.0,0.0,0.0,0.0,0.0,0.0,0.0,0.0,0.0,0.0,0.0,0.0,0.0,0.0,0.0,0.0,0.0,0.0,0.0,0.0,0.0,0.0,0.0,0.0,0.0,0.6975865445777167,0.0,0.0,0.0,0.0,0.0,0.0,0.0,0.0,0.0,0.0,0.0,0.0,0.0,0.0,0.0,0.0,0.0,0.0,0.0,0.0,0.0,0.0,0.0,0.0,0.0,0.0,0.0,0.0,0.0,0.0,0.0,0.0,0.0,0.8064516129032258,0.9277108433734941,0.627510561031646,0.946079005978197,0.6601815823605708,0.627510561031646,0.24290220820189273,0.22507561251921704,0.00023612512613521694,0.036392405063291146,0.8221153846153845,0.27150803174245386,1AWQoqb9bSvzTjaLralEkT
4,0.0,0.0,0.0,0.0,0.0,0.0,0.0,0.0,0.0,0.0,0.0,0.0,0.0,0.0,0.0,0.0,0.0,0.0,0.0,0.0,0.0,0.3192864883407939,0.0,0.0,0.0,0.0,0.0,0.0,0.0,0.0,0.0,0.0,0.0,0.0,0.0,0.0,0.0,0.0,0.0,0.0,0.0,0.0,0.0,0.0,0.0,0.0,0.0,0.0,0.0,0.0,0.0,0.0,0.0,0.0,0.0,0.0,0.0,0.0,0.0,0.0,0.0,0.0,0.0,0.0,0.0,0.0,0.0,0.0,0.0,0.5287549679061601,0.0,0.0,0.0,0.0,0.0,0.0,0.7864313843416727,0.0,0.0,0.0,0.0,0.0,0.0,0.0,0.0,0.0,0.0,0.0,0.0,0.0,0.0,0.0,0.0,0.0,0.0,0.0,0.0,0.0,0.6774193548387095,0.0,0.7356407025865263,0.9003633806118859,0.5201037613488975,0.7356407025865263,0.09631966351209256,0.06281182097880453,0.0,0.4116800920598389,0.626201923076923,0.2303184189765246,1lzr43nnXAijIGYnCT8M8H
5,0.0,0.0,0.0,0.48425703173256657,0.0,0.0,0.0,0.0,0.0,0.0,0.0,0.0,0.0,0.0,0.0,0.0,0.0,0.0,0.0,0.5172781663360068,0.0,0.22890711329376323,0.0,0.0,0.0,0.0,0.0,0.0,0.0,0.0,0.0,0.0,0.0,0.0,0.0,0.0,0.0,0.0,0.0,0.0,0.0,0.0,0.0,0.0,0.0,0.0,0.0,0.0,0.0,0.0,0.0,0.0,0.0,0.0,0.0,0.0,0.0,0.0,0.0,0.0,0.0,0.0,0.0,0.0,0.2228644850735389,0.0,0.0,0.0,0.0,0.0,0.0,0.0,0.0,0.0,0.0,0.0,0.0,0.0,0.0,0.0,0.0,0.0,0.0,0.0,0.5172781663360068,0.0,0.0,0.0,0.0,0.0,0.0,0.0,0.0,0.0,0.3581545466109618,0.0,0.0,0.0,0.7903225806451613,0.0,0.7302304898836434,0.933184855233853,0.7561608300907914,0.7302304898836434,0.29968454258675087,0.023729651725799723,0.0,0.015678941311852705,0.5516826923076922,0.29819211211954466,0XUfyU2QviPAs6bxSpXYG4
6,0.0,0.0,0.0,0.48425703173256657,0.0,0.0,0.0,0.0,0.0,0.0,0.0,0.0,0.0,0.0,0.0,0.0,0.0,0.0,0.0,0.5172781663360068,0.0,0.22890711329376323,0.0,0.0,0.0,0.0,0.0,0.0,0.0,0.0,0.0,0.0,0.0,0.0,0.0,0.0,0.0,0.0,0.0,0.0,0.0,0.0,0.0,0.0,0.0,0.0,0.0,0.0,0.0,0.0,0.0,0.0,0.0,0.0,0.0,0.0,0.0,0.0,0.0,0.0,0.0,0.0,0.0,0.0,0.2228644850735389,0.0,0.0,0.0,0.0,0.0,0.0,0.0,0.0,0.0,0.0,0.0,0.0,0.0,0.0,0.0,0.0,0.0,0.0,0.0,0.5172781663360068,0.0,0.0,0.0,0.0,0.0,0.0,0.0,0.0,0.0,0.3581545466109618,0.0,0.0,0.0,0.7903225806451613,0.9277108433734941,0.4657229674646113,0.676474035869183,0.39169909208819714,0.4657229674646113,0.19453207150368035,0.28778625659280643,0.0,0.02833716915995397,0.6526442307692307,0.17498127142184716,68vgtRHr7iZHpzGpon6Jlo
7,0.0,0.0,0.0,0.0,0.0,0.0,0.0,0.0,0.0,0.0,0.0,0.0,0.0,0.0,0.0,0.0,0.0,0.0,0.0,0.0,0.0,0.29299827290714403,0.0,0.0,0.0,0.0,0.0,0.0,0.0,0.0,0.0,0.0,0.0,0.5870584533358009,0.0,0.0,0.0,0.0,0.0,0.0,0.0,0.0,0.0,0.0,0.0,0.0,0.0,0.0,0.0,0.0,0.0,0.0,0.0,0.0,0.0,0.0,0.0,0.0,0.0,0.0,0.0,0.0,0.0,0.0,0.2852637835465029,0.0,0.0,0.0,0.0,0.0,0.0,0.36937908677587905,0.0,0.0,0.0,0.0,0.0,0.0,0.0,0.0,0.0,0.0,0.0,0.0,0.0,0.0,0.0,0.0,0.0,0.0,0.3762138711303089,0.0,0.0,0.0,0.4584333884643513,0.0,0.0,0.0,0.629032258064516,0.783132530120482,0.7516490031868375,0.5686320478255772,0.7989623865110247,0.7516490031868375,0.5078864353312303,0.19931945513184995,0.0,0.37715765247410815,0.33052884615384603,0.9999999999999999,3BxWKCI06eQ5Od8TY2JBeA
8,0.0,0.0,0.0,0.0,0.0,0.0,0.0,0.0,0.0,0.0,0.0,0.0,0.0,0.0,0.0,0.0,0.0,0.0,0.0,0.0,0.0,0.2913911323957354,0.0,0.0,0.0,0.0,0.0,0.0,0.0,0.0,0.0,0.0,0.0,0.5838383475871917,0.0,0.0,0.0,0.0,0.0,0.0,0.0,0.0,0.5346745445120753,0.0,0.0,0.0,0.0,0.0,0.0,0.0,0.0,0.0,0.0,0.0,0.0,0.0,0.0,0.0,0.0,0.0,0.0,0.0,0.0,0.0,0.2836990678967264,0.0,0.0,0.0,0.0,0.0,0.0,0.0,0.0,0.0,0.0,0.0,0.0,0.0,0.0,0.0,0.0,0.0,0.0,0.0,0.0,0.0,0.0,0.0,0.0,0.0,0.0,0.0,0.0,0.0,0.4559188109445824,0.0,0.0,0.0,0.661290322580645,0.9156626506024097,0.8150151930630696,0.7362560075020512,0.6134889753566797,0.8150151930630696,0.1608832807570978,0.3057035834709748,0.0,0.17577675489067895,0.7223557692307692,0.5170479783079972,7H6ev70Weq6DdpZyyTmUXk
9,0.0,0.0,0.0,0.3592789333493034,0.0,0.0,0.0,0.0,0.0,0.0,0.0,0.0,0.0,0.0,0.0,0.0,0.0,0.0,0.0,0.0,0.0,0.0,0.0,0.41830725985697775,0.0,0.0,0.0,0.0,0.0,0.0,0.0,0.0,0.0,0.0,0.0,0.0,0.0,0.0,0.0,0.0,0.0,0.38377790236966364,0.0,0.0,0.0,0.0,0.0,0.0,0.0,0.0,0.0,0.0,0.0,0.0,0.0,0.0,0.0,0.0,0.41830725985697775,0.0,0.0,0.0,0.0,0.0,0.0,0.0,0.0,0.0,0.0,0.28124773014462423,0.0,0.0,0.0,0.0,0.0,0.38377790236966364,0.0,0.0,0.0,0.0,0.0,0.0,0.0,0.0,0.0,0.38377790236966364,0.0,0.0,0.0,0.0,0.0,0.0,0.0,0.0,0.0,0.0,0.0,0.0,0.7096774193548387,0.9759036144578314,0.9086933965760022,0.7526667448130347,0.9974059662775616,0.9086933965760022,0.08601472134595164,0.11533198539043563,0.0005368314833501513,0.21173762945914842,0.9999999999999999,0.1293299478251646,2PpruBYCo4H7WOBJ7Q2EwM
10,0.0,0.0,0.0,0.0,0.0,0.0,0.0,0.0,0.0,0.0,0.0,0.6553903317092599,0.0,0.48823949862726135,0.0,0.0,0.0,0.0,0.0,0.0,0.0,0.2660845964064982,0.0,0.0,0.0,0.0,0.0,0.0,0.0,0.0,0.0,0.0,0.0,0.0,0.0,0.0,0.0,0.0,0.0,0.0,0.0,0.0,0.0,0.0,0.0,0.0,0.0,0.0,0.0,0.0,0.0,0.0,0.0,0.0,0.0,0.0,0.0,0.0,0.0,0.0,0.0,0.0,0.0,0.0,0.2590605670171209,0.0,0.0,0.0,0.0,0.44064987830950963,0.0,0.0,0.0,0.0,0.0,0.0,0.0,0.0,0.0,0.0,0.0,0.0,0.0,0.0,0.0,0.0,0.0,0.0,0.0,0.0,0.0,0.0,0.0,0.0,0.0,0.0,0.0,0.0,0.7258064516129032,0.9879518072289157,0.6243237234121395,0.8476145821122963,0.9922178988326849,0.6243237234121395,0.05278654048370138,0.06370768732271294,6.185671039354187e-05,0.18296892980437285,0.8834134615384613,0.36005277149808734,2gam98EZKrF9XuOkU13ApN
11,0.0,0.0,0.0,0.0,0.0,0.0,0.0,0.0,0.0,0.0,0.0,0.0,0.0,0.0,0.0,0.0,0.0,0.0,0.0,0.0,0.0,0.3123093340892891,0.0,0.0,0.0,0.0,0.0,0.0,0.0,0.0,0.0,0.0,0.0,0.0,0.0,0.0,0.0,0.0,0.0,0.0,0.0,0.0,0.0,0.0,0.0,0.0,0.0,0.0,0.0,0.0,0.0,0.0,0.0,0.5172004389578727,0.0,0.0,0.0,0.0,0.0,0.0,0.0,0.0,0.0,0.0,0.3040650765454637,0.0,0.0,0.0,0.0,0.0,0.4761129547815216,0.3937242887914366,0.0,0.0,0.0,0.0,0.0,0.0,0.0,0.0,0.0,0.0,0.0,0.0,0.0,0.0,0.0,0.0,0.0,0.0,0.40100954316920684,0.0,0.0,0.0,0.0,0.0,0.0,0.0,0.48387096774193544,0.0,0.7263025272363446,0.7327394209354119,0.4513618677042803,0.7263025272363446,0.007781282860147225,0.0022960494477907854,5.5297679112008066e-05,0.02891254315304948,0.7187499999999999,0.2584676376799103,4Y45aqo9QMa57rDsAJv40A
12,0.0,0.0,0.0,0.0,0.0,0.0,0.0,0.0,0.0,0.0,0.0,0.0,0.0,0.0,0.0,0.0,0.0,0.0,0.0,0.0,0.0,0.3123093340892891,0.0,0.0,0.0,0.0,0.0,0.0,0.0,0.0,0.0,0.0,0.0,0.0,0.0,0.0,0.0,0.0,0.0,0.0,0.0,0.0,0.0,0.0,0.0,0.0,0.0,0.0,0.0,0.0,0.0,0.0,0.0,0.5172004389578727,0.0,0.0,0.0,0.0,0.0,0.0,0.0,0.0,0.0,0.0,0.3040650765454637,0.0,0.0,0.0,0.0,0.0,0.4761129547815216,0.3937242887914366,0.0,0.0,0.0,0.0,0.0,0.0,0.0,0.0,0.0,0.0,0.0,0.0,0.0,0.0,0.0,0.0,0.0,0.0,0.40100954316920684,0.0,0.0,0.0,0.0,0.0,0.0,0.0,0.48387096774193544,0.855421686746988,0.7544652782924479,0.6741296448247568,0.5979247730220494,0.7544652782924479,0.04563617245005258,0.08498451299053791,0.0,0.0,0.9615384615384616,0.198602483442611,1HwpWwa6bnqqRhK8agG4RS
13,0.0,0.0,0.0,0.0,0.0,0.0,0.0,0.0,0.0,0.0,0.0,0.0,0.0,0.0,0.0,0.0,0.0,0.0,0.0,0.0,0.0,0.3123093340892891,0.0,0.0,0.0,0.0,0.0,0.0,0.0,0.0,0.0,0.0,0.0,0.0,0.0,0.0,0.0,0.0,0.0,0.0,0.0,0.0,0.0,0.0,0.0,0.0,0.0,0.0,0.0,0.0,0.0,0.0,0.0,0.5172004389578727,0.0,0.0,0.0,0.0,0.0,0.0,0.0,0.0,0.0,0.0,0.3040650765454637,0.0,0.0,0.0,0.0,0.0,0.4761129547815216,0.3937242887914366,0.0,0.0,0.0,0.0,0.0,0.0,0.0,0.0,0.0,0.0,0.0,0.0,0.0,0.0,0.0,0.0,0.0,0.0,0.40100954316920684,0.0,0.0,0.0,0.0,0.0,0.0,0.0,0.48387096774193544,0.746987951807229,0.643444749129178,0.7057789239245106,0.6549935149156938,0.643444749129178,0.056151419558359644,0.03168046552798695,3.7436932391523715e-06,0.06055811277330266,0.9050480769230768,0.12740073853578981,20ORwCJusz4KS2PbTPVNKo
14,0.0,0.0,0.0,0.0,0.0,0.0,0.0,0.0,0.0,0.0,0.0,0.0,0.0,0.0,0.0,0.0,0.0,0.0,0.0,0.0,0.0,0.3830621523663572,0.0,0.0,0.0,0.0,0.0,0.0,0.0,0.0,0.0,0.0,0.0,0.0,0.0,0.0,0.0,0.0,0.0,0.0,0.0,0.0,0.7028819997107596,0.0,0.0,0.0,0.0,0.0,0.0,0.0,0.0,0.0,0.0,0.0,0.0,0.0,0.0,0.0,0.0,0.0,0.0,0.0,0.0,0.0,0.0,0.0,0.0,0.0,0.0,0.0,0.0,0.0,0.0,0.0,0.0,0.0,0.0,0.0,0.0,0.0,0.0,0.0,0.0,0.0,0.0,0.0,0.0,0.0,0.0,0.0,0.0,0.0,0.0,0.0,0.5993498827121413,0.0,0.0,0.0,0.532258064516129,0.8915662650602411,0.7203735270140073,0.8417536045012308,0.3229571984435798,0.7203735270140073,0.008201892744479501,0.3941703849319312,0.0,0.055667433831990805,0.7283653846153845,0.2649977790889624,7k6IzwMGpxnRghE7YosnXT
15,0.0,0.0,0.0,0.0,0.0,0.0,0.0,0.0,0.0,0.0,0.0,0.0,0.0,0.0,0.0,0.0,0.0,0.0,0.0,0.0,0.0,0.23577877274303008,0.0,0.0,0.0,0.0,0.0,0.0,0.0,0.0,0.0,0.0,0.0,0.0,0.0,0.0,0.0,0.0,0.0,0.0,0.0,0.0,0.432631243392775,0.0,0.0,0.0,0.0,0.0,0.0,0.0,0.0,0.0,0.0,0.0,0.0,0.0,0.0,0.0,0.0,0.0,0.0,0.0,0.0,0.0,0.0,0.0,0.0,0.0,0.5807443578657412,0.0,0.0,0.0,0.0,0.0,0.0,0.0,0.0,0.0,0.0,0.0,0.0,0.0,0.0,0.0,0.0,0.5328065583918735,0.0,0.0,0.0,0.0,0.0,0.0,0.0,0.0,0.36890613942563627,0.0,0.0,0.0,0.48387096774193544,0.49397590361445787,0.6726450752241903,0.8089321298792638,0.682230869001297,0.6726450752241903,0.2281808622502629,0.21163761736059072,0.0,0.14700805523590335,0.8269230769230768,0.4712640630075776,1Bv0Yl01xBDZD4OQP93fyl
16,0.0,0.0,0.0,0.0,0.0,0.0,0.0,0.0,0.0,0.0,0.0,0.0,0.0,0.4964755273198921,0.6114339199421766,0.0,0.0,0.0,0.0,0.0,0.0,0.27057313200599914,0.0,0.0,0.0,0.0,0.0,0.0,0.0,0.0,0.0,0.0,0.0,0.0,0.0,0.0,0.0,0.0,0.0,0.0,0.0,0.0,0.0,0.0,0.0,0.0,0.0,0.0,0.0,0.0,0.0,0.0,0.0,0.0,0.0,0.0,0.0,0.0,0.0,0.0,0.0,0.0,0.0,0.0,0.2634306154648215,0.0,0.0,0.0,0.0,0.0,0.0,0.34110800522752316,0.0,0.0,0.0,0.0,0.0,0.0,0.0,0.0,0.0,0.0,0.0,0.0,0.0,0.0,0.0,0.0,0.0,0.0,0.34741967727601253,0.0,0.0,0.0,0.0,0.0,0.0,0.0,0.7580645161290323,0.0,0.7489068405840065,0.4713398194818895,0.9014267185473412,0.7489068405840065,0.04773922187171399,6.523026816583181e-05,0.0,0.47640966628308407,0.4218749999999999,0.5961256704168021,4omisSlTk6Dsq2iQD7MA07
17,0.0,0.0,0.0,0.0,0.0,0.0,0.0,0.0,0.0,0.0,0.0,0.0,0.0,0.0,0.0,0.0,0.0,0.0,0.0,0.0,0.0,0.7165005323264744,0.0,0.0,0.0,0.0,0.0,0.0,0.0,0.0,0.0,0.0,0.0,0.0,0.0,0.0,0.0,0.0,0.0,0.0,0.0,0.0,0.0,0.0,0.0,0.0,0.0,0.0,0.0,0.0,0.0,0.0,0.0,0.0,0.0,0.0,0.0,0.0,0.0,0.0,0.0,0.0,0.0,0.0,0.6975865445777167,0.0,0.0,0.0,0.0,0.0,0.0,0.0,0.0,0.0,0.0,0.0,0.0,0.0,0.0,0.0,0.0,0.0,0.0,0.0,0.0,0.0,0.0,0.0,0.0,0.0,0.0,0.0,0.0,0.0,0.0,0.0,0.0,0.0,0.9354838709677418,0.8674698795180723,0.5781516341806863,0.8921580119563942,0.35927367055771725,0.5781516341806863,0.21766561514195587,0.027537083687410507,0.0,0.5267548906789414,0.09495192307692304,0.2714881429868933,7xYnUQigPoIDAMPVK79NEq
18,0.0,0.0,0.0,0.0,0.0,0.0,0.0,0.0,0.0,0.0,0.0,0.0,0.0,0.0,0.0,0.0,0.0,0.0,0.0,0.0,0.0,0.7165005323264744,0.0,0.0,0.0,0.0,0.0,0.0,0.0,0.0,0.0,0.0,0.0,0.0,0.0,0.0,0.0,0.0,0.0,0.0,0.0,0.0,0.0,0.0,0.0,0.0,0.0,0.0,0.0,0.0,0.0,0.0,0.0,0.0,0.0,0.0,0.0,0.0,0.0,0.0,0.0,0.0,0.0,0.0,0.6975865445777167,0.0,0.0,0.0,0.0,0.0,0.0,0.0,0.0,0.0,0.0,0.0,0.0,0.0,0.0,0.0,0.0,0.0,0.0,0.0,0.0,0.0,0.0,0.0,0.0,0.0,0.0,0.0,0.0,0.0,0.0,0.0,0.0,0.0,0.9193548387096773,0.42168674698795183,0.568961683836063,0.7268784433243464,0.7665369649805449,0.568961683836063,0.5078864353312303,0.07927336504812174,0.0,0.5195627157652475,0.878605769230769,0.7028951398510995,6d8A5sAx9TfdeseDvfWNHd
19,0.0,0.0,0.0,0.0,0.0,0.0,0.0,0.0,0.0,0.0,0.0,0.0,0.0,0.0,0.0,0.0,0.0,0.0,0.0,0.0,0.0,0.2913911323957354,0.0,0.0,0.0,0.0,0.0,0.0,0.0,0.0,0.0,0.0,0.0,0.5838383475871917,0.0,0.0,0.0,0.0,0.0,0.0,0.0,0.0,0.5346745445120753,0.0,0.0,0.0,0.0,0.0,0.0,0.0,0.0,0.0,0.0,0.0,0.0,0.0,0.0,0.0,0.0,0.0,0.0,0.0,0.0,0.0,0.2836990678967264,0.0,0.0,0.0,0.0,0.0,0.0,0.0,0.0,0.0,0.0,0.0,0.0,0.0,0.0,0.0,0.0,0.0,0.0,0.0,0.0,0.0,0.0,0.0,0.0,0.0,0.0,0.0,0.0,0.0,0.4559188109445824,0.0,0.0,0.0,0.661290322580645,0.8433734939759037,0.7324538649670198,0.8042433477904114,0.622568093385214,0.7324538649670198,0.06561514195583598,0.006069886421505003,0.0015842583249243189,0.038693901035673196,0.6610576923076923,0.19211874912986693,4pmc2AxSEq6g7hPVlJCPyP
20,0.0,0.0,0.0,0.0,0.0,0.0,0.0,0.0,0.0,0.0,0.0,0.0,0.0,0.0,0.0,0.0,0.0,0.0,0.0,0.0,0.0,0.0,0.0,0.0,0.0,0.0,0.0,0.0,0.0,0.0,0.0,0.0,0.0,0.0,0.0,0.0,0.0,0.0,0.0,0.0,0.0,0.0,0.0,0.0,0.0,0.0,0.0,0.0,0.3680417112988394,0.0,0.2783202085493016,0.0,0.0,0.269715622661457,0.0,0.0,0.40115524842855044,0.0,0.0,0.0,0.0,0.3680417112988394,0.0,0.0,0.0,0.0,0.0,0.0,0.0,0.0,0.24828884970560505,0.0,0.0,0.0,0.0,0.0,0.0,0.18562863189823572,0.0,0.0,0.40115524842855044,0.0,0.0,0.40115524842855044,0.0,0.0,0.0,0.0,0.0,0.0,0.0,0.0,0.0,0.0,0.0,0.0,0.0,0.0,0.5806451612903225,0.7228915662650602,0.70681093900541,0.7409447895909037,0.6848249027237354,0.70681093900541,0.036172450052576244,0.044558544221670486,0.0,0.15707710011507484,0.6971153846153845,0.3976292603371807,215JYyyUnrJ98NK3KEwu6d
21,0.0,0.0,0.0,0.0,0.0,0.0,0.0,0.0,0.0,0.0,0.0,0.0,0.0,0.0,0.0,0.0,0.0,0.0,0.0,0.0,0.0,0.4617369642960017,0.0,0.0,0.0,0.0,0.0,0.0,0.0,0.0,0.0,0.0,0.0,0.0,0.0,0.0,0.0,0.0,0.0,0.0,0.0,0.0,0.0,0.0,0.0,0.0,0.0,0.0,0.0,0.0,0.0,0.0,0.0,0.0,0.0,0.0,0.0,0.0,0.0,0.0,0.0,0.0,0.0,0.0,0.4495481564838342,0.0,0.0,0.0,0.0,0.7646603368847497,0.0,0.0,0.0,0.0,0.0,0.0,0.0,0.0,0.0,0.0,0.0,0.0,0.0,0.0,0.0,0.0,0.0,0.0,0.0,0.0,0.0,0.0,0.0,0.0,0.0,0.0,0.0,0.0,0.8225806451612903,0.0,0.8405840065219001,0.87926386121205,0.6251621271076524,0.8405840065219001,0.33333333333333337,0.11309231953066458,0.0,0.1513233601841197,0.8353365384615383,0.22567770934572617,0uqPG793dkDDN7sCUJJIVC
22,0.0,0.0,0.0,0.0,0.0,0.0,0.0,0.0,0.0,0.0,0.0,0.0,0.0,0.0,0.0,0.0,0.0,0.0,0.5834058273958793,0.0,0.0,0.0,0.0,0.0,0.0,0.0,0.0,0.0,0.0,0.0,0.0,0.0,0.0,0.0,0.0,0.0,0.0,0.0,0.0,0.0,0.0,0.0,0.0,0.0,0.0,0.0,0.0,0.0,0.0,0.0,0.0,0.0,0.0,0.0,0.0,0.0,0.0,0.0,0.0,0.0,0.0,0.0,0.0,0.0,0.0,0.0,0.0,0.4346139313973683,0.0,0.0,0.361090032756905,0.0,0.0,0.0,0.0,0.0,0.0,0.0,0.0,0.0,0.0,0.0,0.0,0.0,0.0,0.0,0.0,0.0,0.0,0.0,0.0,0.5834058273958793,0.0,0.0,0.0,0.0,0.0,0.0,0.5,0.6987951807228916,0.8067887052545764,0.7538389403352478,0.7730220492866409,0.8067887052545764,0.10452155625657206,0.003897410537527085,0.00019677093844601412,0.09191599539700807,0.8173076923076922,0.3975828532408727,19Js5ypV6JKn4DMExHQbGc
23,0.0,0.0,0.0,0.0,0.0,0.43233689616275206,0.0,0.0,0.0,0.0,0.0,0.0,0.0,0.0,0.0,0.0,0.0,0.0,0.0,0.0,0.0,0.0,0.0,0.0,0.0,0.0,0.0,0.0,0.0,0.0,0.0,0.0,0.0,0.0,0.0,0.0,0.0,0.0,0.0,0.0,0.0,0.0,0.0,0.0,0.0,0.0,0.0,0.0,0.0,0.0,0.0,0.0,0.0,0.3168336945737544,0.4047380996712134,0.0,0.0,0.0,0.0,0.0,0.0,0.0,0.0,0.4712352150872747,0.0,0.0,0.0,0.35105132623742363,0.0,0.0,0.29166376347593037,0.24119299146877848,0.0,0.0,0.0,0.0,0.0,0.0,0.0,0.0,0.0,0.0,0.0,0.0,0.0,0.0,0.0,0.0,0.0,0.0,0.24565589189683973,0.0,0.0,0.0,0.0,0.0,0.0,0.0,0.3064516129032258,0.7228915662650602,0.9576817609130659,0.5698042433477903,0.8884565499351493,0.9576817609130659,0.029442691903259738,0.005689143225343925,0.0,0.0720655926352129,0.7427884615384615,0.33771106941838647,1JURww012QnWAw0zZXi6Aa
24,0.0,0.0,0.0,0.0,0.0,0.0,0.0,0.0,0.0,0.0,0.0,0.0,0.0,0.0,0.0,0.0,0.0,0.0,0.0,0.0,0.0,0.7165005323264744,0.0,0.0,0.0,0.0,0.0,0.0,0.0,0.0,0.0,0.0,0.0,0.0,0.0,0.0,0.0,0.0,0.0,0.0,0.0,0.0,0.0,0.0,0.0,0.0,0.0,0.0,0.0,0.0,0.0,0.0,0.0,0.0,0.0,0.0,0.0,0.0,0.0,0.0,0.0,0.0,0.0,0.0,0.6975865445777167,0.0,0.0,0.0,0.0,0.0,0.0,0.0,0.0,0.0,0.0,0.0,0.0,0.0,0.0,0.0,0.0,0.0,0.0,0.0,0.0,0.0,0.0,0.0,0.0,0.0,0.0,0.0,0.0,0.0,0.0,0.0,0.0,0.0,0.9354838709677418,0.855421686746988,0.6429259616097234,0.5287774000703317,0.5278858625162128,0.6429259616097234,0.5184016824395374,0.133249312268604,0.0,0.26208285385500574,0.5252403846153845,0.1773414037483675,7DFnq8FYhHMCylykf6ZCxA
25,0.0,0.0,0.0,0.0,0.0,0.7043758003449999,0.0,0.0,0.0,0.0,0.0,0.0,0.0,0.0,0.0,0.0,0.0,0.0,0.0,0.0,0.0,0.311701984781287,0.0,0.0,0.0,0.0,0.0,0.0,0.0,0.0,0.0,0.0,0.0,0.0,0.0,0.0,0.0,0.0,0.0,0.0,0.0,0.0,0.0,0.0,0.0,0.0,0.0,0.0,0.0,0.0,0.0,0.0,0.0,0.0,0.0,0.0,0.0,0.0,0.0,0.0,0.0,0.0,0.0,0.0,0.3034737598806384,0.0,0.0,0.0,0.0,0.0,0.0,0.39295861147014094,0.0,0.0,0.0,0.0,0.0,0.0,0.0,0.0,0.0,0.0,0.0,0.0,0.0,0.0,0.0,0.0,0.0,0.0,0.40022969818232457,0.0,0.0,0.0,0.0,0.0,0.0,0.0,0.7419354838709677,0.0,0.6421107240791522,0.6729574493025436,0.8612191958495461,0.6421107240791522,0.043112513144058895,0.003986997171917927,0.0,0.39585730724971235,0.8149038461538461,0.31124576535246185,1TfAhjzRBWzYZ8IdUV3igl
26,0.0,0.0,0.0,0.0,0.0,0.0,0.0,0.0,0.0,0.0,0.0,0.0,0.0,0.0,0.0,0.0,0.0,0.0,0.0,0.0,0.0,0.0,0.0,0.0,0.0,0.0,0.0,0.0,0.0,0.0,0.0,0.0,0.0,0.0,0.0,0.0,0.0,0.0,0.0,0.0,0.0,0.0,0.5258446516781988,0.0,0.0,0.0,0.0,0.0,0.0,0.0,0.0,0.0,0.0,0.0,0.0,0.0,0.0,0.0,0.0,0.0,0.0,0.0,0.0,0.0,0.0,0.0,0.0,0.0,0.0,0.4745895865107027,0.0,0.0,0.0,0.0,0.0,0.0,0.0,0.0,0.0,0.0,0.0,0.0,0.0,0.0,0.0,0.0,0.0,0.0,0.0,0.0,0.0,0.0,0.7058697660879335,0.0,0.0,0.0,0.0,0.0,0.3064516129032258,0.7710843373493976,0.7089602015860075,0.6260696284140194,0.8625162127107653,0.7089602015860075,1.0,0.4591206948652916,1.3824419778002018e-06,0.04358457997698504,0.969951923076923,0.8535856111483103,1Y4ZdPOOgCUhBcKZOrUFiS
27,0.0,0.0,0.0,0.0,0.0,0.0,0.0,0.0,0.0,0.0,0.4219416042992546,0.0,0.0,0.0,0.0,0.0,0.0,0.0,0.0,0.0,0.0,0.17130579450916128,0.0,0.0,0.0,0.4219416042992546,0.4219416042992546,0.0,0.0,0.0,0.0,0.0,0.4219416042992546,0.0,0.0,0.0,0.0,0.0,0.0,0.0,0.0,0.0,0.0,0.0,0.0,0.0,0.0,0.0,0.0,0.4219416042992546,0.0,0.0,0.0,0.0,0.0,0.0,0.0,0.0,0.0,0.0,0.0,0.0,0.0,0.0,0.0,0.0,0.0,0.0,0.0,0.28369127158663404,0.0,0.0,0.0,0.0,0.0,0.0,0.0,0.0,0.0,0.0,0.0,0.0,0.0,0.0,0.0,0.0,0.0,0.0,0.0,0.0,0.0,0.0,0.0,0.0,0.0,0.0,0.0,0.0,0.5806451612903225,0.6987951807228916,0.6793893129770991,0.6319306060250849,1.0,0.6793893129770991,0.05026288117770769,0.004468525331768703,1.1907164480322906e-05,0.5023014959723822,0.4579326923076923,0.5435596894702299,6MjljecHzHelUDismyKkba
28,0.0,0.0,0.0,0.0,0.0,0.0,0.0,0.0,0.0,0.0,0.0,0.0,0.0,0.0,0.0,0.0,0.0,0.0,0.0,0.0,0.0,0.2673066393951556,0.0,0.0,0.6584003336804961,0.0,0.0,0.0,0.0,0.0,0.0,0.0,0.0,0.0,0.0,0.0,0.0,0.0,0.0,0.0,0.0,0.0,0.0,0.0,0.0,0.0,0.0,0.0,0.0,0.0,0.0,0.0,0.0,0.0,0.0,0.0,0.0,0.0,0.0,0.0,0.0,0.0,0.0,0.0,0.26025035084465686,0.0,0.0,0.0,0.0,0.4426736448165277,0.0,0.33698998075733816,0.0,0.0,0.0,0.0,0.0,0.0,0.0,0.0,0.0,0.0,0.0,0.0,0.0,0.0,0.0,0.0,0.0,0.0,0.34322545518060293,0.0,0.0,0.0,0.0,0.0,0.0,0.0,0.8064516129032258,0.7951807228915663,0.6681242125546579,0.621380846325167,0.656290531776913,0.6681242125546579,0.11019978969505784,0.0497097756991439,0.0,0.17002301495972383,0.6947115384615383,0.5570044882291715,67T6l4q3zVjC5nZZPXByU8
29,0.0,0.0,0.0,0.0,0.0,0.0,0.0,0.0,0.0,0.0,0.0,0.0,0.0,0.0,0.0,0.0,0.0,0.0,0.0,0.0,0.0,0.47695014113813455,0.0,0.0,0.0,0.0,0.0,0.0,0.0,0.0,0.0,0.0,0.0,0.0,0.0,0.0,0.0,0.0,0.0,0.0,0.0,0.0,0.0,0.0,0.0,0.0,0.0,0.0,0.0,0.0,0.0,0.0,0.0,0.0,0.0,0.0,0.0,0.0,0.0,0.0,0.0,0.0,0.0,0.0,0.46435973998802843,0.0,0.0,0.0,0.0,0.0,0.0,0.0,0.0,0.0,0.0,0.0,0.0,0.0,0.0,0.0,0.0,0.0,0.0,0.0,0.0,0.0,0.0,0.0,0.0,0.0,0.0,0.0,0.0,0.0,0.7462496865972972,0.0,0.0,0.0,0.7741935483870968,0.9036144578313253,0.6543392870377231,0.6893681866135272,0.6199740596627756,0.6543392870377231,0.18822292323869616,0.5845419830124704,0.0,0.29948216340621403,0.6971153846153845,0.7414660664682212,34ceTg8ChN5HjrqiIYCn9Q
30,0.0,0.0,0.0,0.0,0.0,0.0,0.0,0.0,0.0,0.0,0.0,0.0,0.0,0.0,0.0,0.0,0.0,0.0,0.0,0.0,0.0,0.4391237200345659,0.0,0.0,0.0,0.0,0.0,0.0,0.0,0.0,0.0,0.0,0.0,0.0,0.0,0.0,0.0,0.0,0.0,0.0,0.0,0.0,0.0,0.0,0.0,0.0,0.0,0.0,0.0,0.0,0.0,0.0,0.0,0.0,0.0,0.0,0.0,0.0,0.0,0.0,0.0,0.0,0.0,0.0,0.42753185054361875,0.0,0.0,0.0,0.0,0.0,0.0,0.5535975249226113,0.0,0.0,0.0,0.0,0.0,0.0,0.0,0.0,0.0,0.0,0.0,0.0,0.0,0.0,0.0,0.0,0.0,0.0,0.5638409843859455,0.0,0.0,0.0,0.0,0.0,0.0,0.0,0.8225806451612903,0.9036144578313253,0.7303787148892018,0.6647520806470519,0.6394293125810635,0.7303787148892018,0.03470031545741327,0.001243406493698392,0.00011604439959636731,0.08889528193325663,0.40504807692307687,0.23868495548233548,5Q0Nhxo0l2bP3pNjpGJwV1
31,0.0,0.0,0.0,0.0,0.0,0.0,0.0,0.0,0.0,0.0,0.0,0.0,0.0,0.0,0.0,0.0,0.0,0.0,0.0,0.0,0.0,0.0,0.0,0.0,0.0,0.0,0.0,0.0,0.0,0.0,0.0,0.0,0.0,0.0,0.0,0.0,0.0,0.0,0.0,0.0,0.0,0.0,0.0,0.0,0.0,0.0,0.0,0.0,0.0,0.0,0.0,0.0,0.0,0.41212548553566625,0.5264682661551717,0.0,0.0,0.0,0.0,0.0,0.0,0.0,0.0,0.0,0.0,0.0,0.0,0.45663450810740397,0.0,0.0,0.3793853753382792,0.3137348723297826,0.0,0.0,0.0,0.0,0.0,0.0,0.0,0.0,0.0,0.0,0.0,0.0,0.0,0.0,0.0,0.0,0.0,0.0,0.3195400472127334,0.0,0.0,0.0,0.0,0.0,0.0,0.0,0.5,0.7349397590361446,0.7789224042095901,0.3963193060602508,0.9533073929961089,0.7789224042095901,0.07991587802313357,0.0018481162758365753,0.0,0.21749136939010355,0.4471153846153846,0.5961057816612414,6GIrIt2M39wEGwjCQjGChX
32,0.0,0.0,0.0,0.0,0.0,0.0,0.0,0.0,0.0,0.0,0.0,0.0,0.0,0.0,0.0,0.0,0.0,0.0,0.0,0.0,0.0,0.3784911876215295,0.0,0.0,0.0,0.0,0.0,0.0,0.0,0.0,0.0,0.0,0.0,0.0,0.0,0.0,0.0,0.0,0.0,0.0,0.0,0.0,0.0,0.0,0.0,0.0,0.0,0.0,0.0,0.0,0.0,0.0,0.0,0.0,0.0,0.0,0.0,0.0,0.0,0.0,0.0,0.0,0.0,0.0,0.0,0.0,0.0,0.0,0.0,0.6268010174924041,0.0,0.47715888509918114,0.0,0.0,0.0,0.0,0.0,0.0,0.0,0.0,0.0,0.0,0.0,0.0,0.0,0.0,0.0,0.0,0.0,0.0,0.4859879666557985,0.0,0.0,0.0,0.0,0.0,0.0,0.0,0.5483870967741935,0.9036144578313253,0.6076484102868153,0.7280506388465595,0.7081712062256811,0.6076484102868153,0.09526813880126186,0.19372029048242234,0.0,0.2031070195627158,0.07451923076923075,0.20560332539992976,
33,0.0,0.0,0.0,0.0,0.0,0.0,0.0,0.0,0.0,0.0,0.0,0.0,0.0,0.0,0.0,0.0,0.0,0.0,0.0,0.0,0.0,0.7165005323264744,0.0,0.0,0.0,0.0,0.0,0.0,0.0,0.0,0.0,0.0,0.0,0.0,0.0,0.0,0.0,0.0,0.0,0.0,0.0,0.0,0.0,0.0,0.0,0.0,0.0,0.0,0.0,0.0,0.0,0.0,0.0,0.0,0.0,0.0,0.0,0.0,0.0,0.0,0.0,0.0,0.0,0.0,0.6975865445777167,0.0,0.0,0.0,0.0,0.0,0.0,0.0,0.0,0.0,0.0,0.0,0.0,0.0,0.0,0.0,0.0,0.0,0.0,0.0,0.0,0.0,0.0,0.0,0.0,0.0,0.0,0.0,0.0,0.0,0.0,0.0,0.0,0.0,0.9354838709677418,0.0,0.7584673534425257,0.6846794045246747,0.8002594033722439,0.7584673534425257,0.036803364879074665,0.03795152993534589,0.00014328960645812312,0.29372842347525896,0.35697115384615374,0.3977287041149835,
34,0.0,0.0,0.0,0.0,0.0,0.0,0.0,0.0,0.0,0.0,0.0,0.0,0.0,0.0,0.0,0.0,0.0,0.0,0.0,0.0,0.0,0.4391237200345659,0.0,0.0,0.0,0.0,0.0,0.0,0.0,0.0,0.0,0.0,0.0,0.0,0.0,0.0,0.0,0.0,0.0,0.0,0.0,0.0,0.0,0.0,0.0,0.0,0.0,0.0,0.0,0.0,0.0,0.0,0.0,0.0,0.0,0.0,0.0,0.0,0.0,0.0,0.0,0.0,0.0,0.0,0.42753185054361875,0.0,0.0,0.0,0.0,0.0,0.0,0.5535975249226113,0.0,0.0,0.0,0.0,0.0,0.0,0.0,0.0,0.0,0.0,0.0,0.0,0.0,0.0,0.0,0.0,0.0,0.0,0.5638409843859455,0.0,0.0,0.0,0.0,0.0,0.0,0.0,0.7419354838709677,0.0,0.7851478544430445,0.8722306880787715,0.5473411154345007,0.7851478544430445,0.10599369085173502,0.007413685937367632,0.0,0.09651898734177214,0.705528846153846,0.3979739987668972,
35,0.0,0.0,0.0,0.0,0.0,0.0,0.0,0.0,0.0,0.0,0.0,0.0,0.0,0.0,0.0,0.0,0.0,0.0,0.0,0.0,0.0,0.47695014113813455,0.0,0.0,0.0,0.0,0.0,0.0,0.0,0.0,0.0,0.0,0.0,0.0,0.0,0.0,0.0,0.0,0.0,0.0,0.0,0.0,0.0,0.0,0.0,0.0,0.0,0.0,0.0,0.0,0.0,0.0,0.0,0.0,0.0,0.0,0.0,0.0,0.0,0.0,0.0,0.0,0.0,0.0,0.46435973998802843,0.0,0.0,0.0,0.0,0.0,0.0,0.0,0.0,0.0,0.0,0.0,0.0,0.0,0.0,0.0,0.0,0.0,0.0,0.0,0.0,0.0,0.0,0.0,0.0,0.0,0.0,0.0,0.0,0.0,0.7462496865972972,0.0,0.0,0.0,0.7741935483870968,0.0,0.5991995849699843,0.7315672254131989,0.7003891050583657,0.5991995849699843,0.10157728706624608,0.025185434534650906,5.2472250252270426e-05,0.18296892980437285,0.5324519230769229,0.4376122885991024,4E5P1XyAFtrjpiIxkydly4
36,0.0,0.0,0.0,0.0,0.0,0.0,0.0,0.0,0.0,0.0,0.0,0.0,0.0,0.8833529829828825,0.0,0.0,0.0,0.0,0.0,0.0,0.0,0.0,0.0,0.0,0.0,0.0,0.0,0.0,0.0,0.0,0.0,0.0,0.0,0.0,0.0,0.0,0.0,0.0,0.0,0.0,0.0,0.0,0.0,0.0,0.0,0.0,0.0,0.0,0.0,0.0,0.0,0.0,0.0,0.0,0.0,0.0,0.0,0.0,0.0,0.0,0.0,0.0,0.0,0.0,0.46870833943428325,0.0,0.0,0.0,0.0,0.0,0.0,0.0,0.0,0.0,0.0,0.0,0.0,0.0,0.0,0.0,0.0,0.0,0.0,0.0,0.0,0.0,0.0,0.0,0.0,0.0,0.0,0.0,0.0,0.0,0.0,0.0,0.0,0.0,0.9838709677419355,0.819277108433735,0.7486103905728896,0.5803540030477082,0.7068741893644619,0.7486103905728896,0.3543638275499475,0.178042629464025,0.0,0.3555811277330265,0.7151442307692306,0.17846843323013284,3H1LCvO3fVsK2HPguhbml0
37,0.0,0.0,0.0,0.0,0.0,0.0,0.0,0.0,0.0,0.0,0.0,0.0,0.0,0.0,0.0,0.0,0.0,0.0,0.0,0.0,0.0,0.2759355682693717,0.0,0.0,0.0,0.0,0.0,0.0,0.0,0.0,0.0,0.0,0.0,0.0,0.0,0.0,0.0,0.0,0.0,0.0,0.0,0.0,0.0,0.0,0.0,0.6796541628519092,0.0,0.0,0.0,0.0,0.0,0.0,0.0,0.0,0.0,0.6796541628519092,0.0,0.0,0.0,0.0,0.0,0.0,0.0,0.0,0.0,0.0,0.0,0.0,0.0,0.0,0.0,0.0,0.0,0.0,0.0,0.0,0.0,0.0,0.0,0.0,0.0,0.0,0.0,0.0,0.0,0.0,0.0,0.0,0.0,0.0,0.0,0.0,0.0,0.0,0.0,0.0,0.0,0.0,0.596774193548387,0.13253012048192772,0.6186170606981397,0.42445199859336535,0.8339818417639431,0.6186170606981397,0.4132492113564669,0.03694368029844892,7.517658930373359e-05,1.0,0.423076923076923,0.744031715935534,3uoQULcUWfnt6nc6J7Vgai
38,0.0,0.5389737679908156,0.0,0.0,0.0,0.0,0.0,0.0,0.0,0.0,0.0,0.0,0.0,0.0,0.0,0.0,0.0,0.0,0.0,0.0,0.0,0.0,0.5874664451260239,0.0,0.0,0.0,0.0,0.0,0.0,0.0,0.0,0.0,0.0,0.0,0.0,0.0,0.0,0.0,0.0,0.0,0.0,0.0,0.0,0.0,0.0,0.0,0.0,0.0,0.0,0.0,0.0,0.0,0.0,0.0,0.0,0.0,0.0,0.0,0.0,0.0,0.0,0.5389737679908156,0.0,0.0,0.0,0.0,0.0,0.0,0.0,0.0,0.0,0.0,0.0,0.0,0.0,0.0,0.0,0.27184137044709944,0.0,0.0,0.0,0.0,0.0,0.0,0.0,0.0,0.0,0.0,0.0,0.0,0.0,0.0,0.0,0.0,0.0,0.0,0.0,0.0,0.7580645161290323,0.24096385542168675,0.7990810049655376,0.3177822060719728,0.932555123216602,0.7990810049655376,0.11629863301787594,0.0011202248714109846,0.0,0.09853279631760645,0.11899038461538461,0.5833968668580407,2nbClS09zsIAqNkshg6jnp
39,0.0,0.0,0.0,0.0,0.0,0.0,0.0,0.0,0.0,0.0,0.0,0.0,0.0,0.0,0.0,0.0,0.0,0.0,0.0,0.0,0.0,0.0,0.0,0.0,0.0,0.0,0.0,0.0,0.0,0.0,0.0,0.0,0.0,0.0,0.0,0.0,0.0,0.0,0.0,0.0,0.0,0.0,0.0,0.0,0.0,0.0,0.0,0.0,0.0,0.0,0.0,0.0,0.0,0.0,0.0,0.0,0.0,0.0,0.0,0.0,0.0,0.0,0.0,0.0,0.0,0.0,0.0,0.44767662758869387,0.0,0.0,0.0,0.0,0.0,0.0,0.6009405922273213,0.0,0.0,0.2780763318547025,0.0,0.0,0.0,0.6009405922273213,0.0,0.0,0.0,0.0,0.0,0.0,0.0,0.0,0.0,0.0,0.0,0.0,0.0,0.0,0.0,0.0,0.7903225806451613,0.0,0.7147409768027866,0.41859102098229983,0.8923476005188069,0.7147409768027866,0.052576235541535246,0.00944058354046043,0.0,0.7223820483314156,0.6959134615384615,0.5840730845470998,69ghzc538EQSVon2Gm3wrr
40,0.0,0.0,0.0,0.0,0.0,0.0,0.0,0.0,0.0,0.0,0.0,0.0,0.0,0.0,0.0,0.0,0.0,0.0,0.0,0.0,0.0,0.29299827290714403,0.0,0.0,0.0,0.0,0.0,0.0,0.0,0.0,0.0,0.0,0.0,0.5870584533358009,0.0,0.0,0.0,0.0,0.0,0.0,0.0,0.0,0.0,0.0,0.0,0.0,0.0,0.0,0.0,0.0,0.0,0.0,0.0,0.0,0.0,0.0,0.0,0.0,0.0,0.0,0.0,0.0,0.0,0.0,0.2852637835465029,0.0,0.0,0.0,0.0,0.0,0.0,0.36937908677587905,0.0,0.0,0.0,0.0,0.0,0.0,0.0,0.0,0.0,0.0,0.0,0.0,0.0,0.0,0.0,0.0,0.0,0.0,0.3762138711303089,0.0,0.0,0.0,0.4584333884643513,0.0,0.0,0.0,0.629032258064516,0.0,0.6032757726228415,0.9999999999999999,0.6874189364461738,0.6032757726228415,0.03764458464773923,0.010650003104736799,0.0,0.10500575373993096,0.501201923076923,0.28959354013219396,1kusepF3AacIEtUTYrw4GV
41,0.0,0.0,0.0,0.0,0.0,0.0,0.0,0.0,0.0,0.0,0.0,0.0,0.0,0.8833529829828825,0.0,0.0,0.0,0.0,0.0,0.0,0.0,0.0,0.0,0.0,0.0,0.0,0.0,0.0,0.0,0.0,0.0,0.0,0.0,0.0,0.0,0.0,0.0,0.0,0.0,0.0,0.0,0.0,0.0,0.0,0.0,0.0,0.0,0.0,0.0,0.0,0.0,0.0,0.0,0.0,0.0,0.0,0.0,0.0,0.0,0.0,0.0,0.0,0.0,0.0,0.46870833943428325,0.0,0.0,0.0,0.0,0.0,0.0,0.0,0.0,0.0,0.0,0.0,0.0,0.0,0.0,0.0,0.0,0.0,0.0,0.0,0.0,0.0,0.0,0.0,0.0,0.0,0.0,0.0,0.0,0.0,0.0,0.0,0.0,0.0,0.9838709677419355,0.0,0.6882828133106054,0.7432891806353299,0.8223086900129701,0.6882828133106054,0.0004206098843322903,0.0026879909732507186,0.0,0.2894131185270426,0.6045673076923076,0.4637527429908711,7oK9VyNzrYvRFo7nQEYkWN
42,0.0,0.0,0.0,0.0,0.0,0.0,0.0,0.0,0.0,0.0,0.0,0.0,0.0,0.0,0.0,0.0,0.0,0.0,0.0,0.0,0.0,0.0,0.0,0.0,0.0,0.0,0.0,0.0,0.0,0.0,0.0,0.0,0.0,0.0,0.0,0.0,0.0,0.0,0.0,0.0,0.0,0.0,0.0,0.0,0.0,0.0,0.0,0.0,0.0,0.0,0.0,0.0,0.7183201479342545,0.0,0.0,0.0,0.0,0.0,0.0,0.0,0.0,0.0,0.0,0.0,0.0,0.0,0.0,0.5351196865639168,0.0,0.0,0.4445931692271554,0.0,0.0,0.0,0.0,0.0,0.0,0.0,0.0,0.0,0.0,0.0,0.0,0.0,0.0,0.0,0.0,0.0,0.0,0.0,0.0,0.0,0.0,0.0,0.0,0.0,0.0,0.0,0.596774193548387,0.8433734939759037,0.7612095160453567,0.44555151799320125,0.9714656290531778,0.7612095160453567,0.038906414300736075,0.0003766558059669962,5.428859737638749e-06,0.7856731875719218,0.390625,0.5557713853844165,12qZHAeOyTf93YAWvGDTat
43,0.0,0.0,0.0,0.0,0.0,0.0,0.0,0.0,0.0,0.0,0.0,0.0,0.0,0.8833529829828825,0.0,0.0,0.0,0.0,0.0,0.0,0.0,0.0,0.0,0.0,0.0,0.0,0.0,0.0,0.0,0.0,0.0,0.0,0.0,0.0,0.0,0.0,0.0,0.0,0.0,0.0,0.0,0.0,0.0,0.0,0.0,0.0,0.0,0.0,0.0,0.0,0.0,0.0,0.0,0.0,0.0,0.0,0.0,0.0,0.0,0.0,0.0,0.0,0.0,0.0,0.46870833943428325,0.0,0.0,0.0,0.0,0.0,0.0,0.0,0.0,0.0,0.0,0.0,0.0,0.0,0.0,0.0,0.0,0.0,0.0,0.0,0.0,0.0,0.0,0.0,0.0,0.0,0.0,0.0,0.0,0.0,0.0,0.0,0.0,0.0,0.9838709677419355,0.0,0.6862817757355666,0.7561833313796741,0.8339818417639431,0.6862817757355666,0.15878023133543642,0.05530894034857152,0.0,0.15276179516685848,0.5120192307692307,0.033194333030582335,2jFlMILIQzs7lSFudG9lbo
44,0.0,0.0,0.0,0.0,0.0,0.0,0.0,0.0,0.0,0.0,0.0,0.0,0.0,0.0,0.0,0.0,0.0,0.0,0.0,0.0,0.0,0.0,0.0,0.0,0.0,0.0,0.0,0.0,0.0,0.0,0.0,0.0,0.0,0.0,0.0,0.0,0.0,0.0,0.0,0.0,0.0,0.0,0.0,0.0,0.0,0.0,0.0,0.0,0.5251346615252463,0.0,0.0,0.0,0.0,0.38483959254115646,0.0,0.0,0.0,0.0,0.0,0.0,0.0,0.0,0.5251346615252463,0.0,0.0,0.0,0.0,0.0,0.0,0.0,0.3542671307295838,0.2929631985180794,0.0,0.0,0.0,0.0,0.0,0.0,0.0,0.0,0.0,0.0,0.0,0.0,0.0,0.0,0.0,0.0,0.0,0.0,0.2983840259480579,0.0,0.0,0.0,0.0,0.0,0.0,0.0,0.532258064516129,0.0,0.7893722671014599,0.5557378970812331,0.8300907911802855,0.7893722671014599,0.026077812828601485,0.24859210404681306,0.0,0.19735327963176066,0.20552884615384612,0.23135263426567398,4I2GqMe7L2ccMpUbnDzYLH
45,0.0,0.0,0.0,0.0,0.0,0.0,0.0,0.0,0.0,0.0,0.0,0.0,0.0,0.0,0.0,0.0,0.0,0.0,0.0,0.0,0.0,0.0,0.0,0.0,0.0,0.0,0.0,0.0,0.0,0.0,0.0,0.0,0.0,0.0,0.0,0.0,0.0,0.0,0.0,0.0,0.0,0.0,0.0,0.0,1.0,0.0,0.0,0.0,0.0,0.0,0.0,0.0,0.0,0.0,0.0,0.0,0.0,0.0,0.0,0.0,0.0,0.0,0.0,0.0,0.0,0.0,0.0,0.0,0.0,0.0,0.0,0.0,0.0,0.0,0.0,0.0,0.0,0.0,0.0,0.0,0.0,0.0,0.0,0.0,0.0,0.0,0.0,0.0,0.0,0.0,0.0,0.0,0.0,0.0,0.0,0.0,0.0,0.0,0.2419354838709678,0.20481927710843376,0.587563922033647,0.7503223537686086,0.6835278858625162,0.587563922033647,0.2744479495268139,0.056092823399491384,1.8163471241170533e-06,0.11104718066743383,0.4591346153846153,0.21884923660326572,5lDriBxJd22IhOH9zTcFrV
46,0.0,0.0,0.0,0.0,0.0,0.0,0.0,0.0,0.0,0.0,0.0,0.0,0.0,0.0,0.0,0.0,0.0,0.0,0.0,0.0,0.0,0.4391237200345659,0.0,0.0,0.0,0.0,0.0,0.0,0.0,0.0,0.0,0.0,0.0,0.0,0.0,0.0,0.0,0.0,0.0,0.0,0.0,0.0,0.0,0.0,0.0,0.0,0.0,0.0,0.0,0.0,0.0,0.0,0.0,0.0,0.0,0.0,0.0,0.0,0.0,0.0,0.0,0.0,0.0,0.0,0.42753185054361875,0.0,0.0,0.0,0.0,0.0,0.0,0.5535975249226113,0.0,0.0,0.0,0.0,0.0,0.0,0.0,0.0,0.0,0.0,0.0,0.0,0.0,0.0,0.0,0.0,0.0,0.0,0.5638409843859455,0.0,0.0,0.0,0.0,0.0,0.0,0.0,0.8225806451612903,0.3614457831325301,0.6988809012080337,0.7151564881022153,0.9053177691309988,0.6988809012080337,0.2870662460567824,0.01533090475165829,4.359233097880928e-05,0.14269275028768702,0.8149038461538461,0.5235184534503677,2eJ8ij1T3cNUKiGdcUvKhy
47,0.0,0.0,0.0,0.0,0.0,0.0,0.0,0.0,0.0,0.0,0.0,0.0,0.0,0.0,0.0,0.0,0.0,0.0,0.0,0.0,0.0,0.3123093340892891,0.0,0.0,0.0,0.0,0.0,0.0,0.0,0.0,0.0,0.0,0.0,0.0,0.0,0.0,0.0,0.0,0.0,0.0,0.0,0.0,0.0,0.0,0.0,0.0,0.0,0.0,0.0,0.0,0.0,0.0,0.0,0.5172004389578727,0.0,0.0,0.0,0.0,0.0,0.0,0.0,0.0,0.0,0.0,0.3040650765454637,0.0,0.0,0.0,0.0,0.0,0.4761129547815216,0.3937242887914366,0.0,0.0,0.0,0.0,0.0,0.0,0.0,0.0,0.0,0.0,0.0,0.0,0.0,0.0,0.0,0.0,0.0,0.0,0.40100954316920684,0.0,0.0,0.0,0.0,0.0,0.0,0.0,0.48387096774193544,0.6385542168674699,0.8144222930408359,0.7761106552572968,0.8728923476005188,0.8144222930408359,0.005678233438485808,0.38409188856296156,0.0,0.08688147295742232,0.5096153846153846,0.3048681044027075,5y69gQtK33qxb8a24ACkCy
48,0.0,0.0,0.0,0.0,0.0,0.0,0.0,0.0,0.0,0.0,0.0,0.0,0.0,0.0,0.0,0.0,0.0,0.0,0.0,0.0,0.0,0.4391237200345659,0.0,0.0,0.0,0.0,0.0,0.0,0.0,0.0,0.0,0.0,0.0,0.0,0.0,0.0,0.0,0.0,0.0,0.0,0.0,0.0,0.0,0.0,0.0,0.0,0.0,0.0,0.0,0.0,0.0,0.0,0.0,0.0,0.0,0.0,0.0,0.0,0.0,0.0,0.0,0.0,0.0,0.0,0.42753185054361875,0.0,0.0,0.0,0.0,0.0,0.0,0.5535975249226113,0.0,0.0,0.0,0.0,0.0,0.0,0.0,0.0,0.0,0.0,0.0,0.0,0.0,0.0,0.0,0.0,0.0,0.0,0.5638409843859455,0.0,0.0,0.0,0.0,0.0,0.0,0.0,0.8064516129032258,0.0,0.8675609575335358,0.46899542843746334,0.8015564202334631,0.8675609575335358,0.022502628811777087,0.010974754654403599,0.0,0.1283084004602992,0.5072115384615384,0.20543095618507146,1X5WGCrUMuwRFuYU1eAo2I
49,0.0,0.0,0.0,0.0,0.0,0.0,0.0,0.0,0.0,0.0,0.0,0.0,0.0,0.4964755273198921,0.6114339199421766,0.0,0.0,0.0,0.0,0.0,0.0,0.27057313200599914,0.0,0.0,0.0,0.0,0.0,0.0,0.0,0.0,0.0,0.0,0.0,0.0,0.0,0.0,0.0,0.0,0.0,0.0,0.0,0.0,0.0,0.0,0.0,0.0,0.0,0.0,0.0,0.0,0.0,0.0,0.0,0.0,0.0,0.0,0.0,0.0,0.0,0.0,0.0,0.0,0.0,0.0,0.2634306154648215,0.0,0.0,0.0,0.0,0.0,0.0,0.34110800522752316,0.0,0.0,0.0,0.0,0.0,0.0,0.0,0.0,0.0,0.0,0.0,0.0,0.0,0.0,0.0,0.0,0.0,0.0,0.34741967727601253,0.0,0.0,0.0,0.0,0.0,0.0,0.0,0.7580645161290323,0.8313253012048193,0.8978729711702363,0.38576954636033284,0.9481193255512324,0.8978729711702363,0.1057833859095689,0.0015121663968709182,0.0,0.4922324510932106,0.7295673076923076,0.730653213028461,3utIAb67sOu0QHxBE88P1M
50,0.0,0.0,0.0,0.0,0.0,0.0,0.0,0.0,0.0,0.0,0.0,0.0,0.0,0.0,0.0,0.0,0.0,0.0,0.0,0.0,0.0,0.0,0.0,0.0,0.0,0.0,0.0,0.0,0.0,0.0,0.0,0.0,0.0,0.0,0.0,0.0,0.0,0.0,0.0,0.0,0.0,0.0,0.0,0.0,0.0,0.0,0.0,0.0,0.0,0.0,0.0,0.0,0.0,0.3592187885660799,0.4588827903737554,0.0,0.0,0.0,0.0,0.0,0.0,0.0,0.4901736739235935,0.0,0.0,0.0,0.0,0.39801395588677757,0.0,0.0,0.3306816969874337,0.2734590912832179,0.0,0.0,0.0,0.0,0.0,0.0,0.0,0.0,0.0,0.0,0.0,0.0,0.0,0.0,0.0,0.0,0.0,0.0,0.2785190256043322,0.0,0.0,0.0,0.0,0.0,0.0,0.0,0.48387096774193544,0.6144578313253012,0.7646928036759801,0.3107490329386941,0.913099870298314,0.7646928036759801,0.10914826498422714,0.002676792643951863,0.0,0.1959148446490219,0.2175480769230769,0.708357918045068,3jkdQNkDTxxXtjSO4l0o1H
51,0.4651831438406921,0.0,0.0,0.0,0.0,0.0,0.0,0.0,0.0,0.0,0.0,0.0,0.0,0.0,0.0,0.0,0.0,0.0,0.0,0.0,0.0,0.0,0.0,0.0,0.0,0.0,0.0,0.0,0.0,0.0,0.0,0.0,0.0,0.0,0.0,0.0,0.0,0.0,0.0,0.4651831438406921,0.0,0.0,0.0,0.0,0.0,0.0,0.0,0.0,0.0,0.0,0.0,0.0,0.0,0.0,0.0,0.0,0.0,0.0,0.0,0.0,0.0,0.0,0.0,0.0,0.0,0.0,0.0,0.0,0.0,0.0,0.0,0.0,0.0,0.0,0.0,0.0,0.0,0.3973890020178564,0.0,0.0,0.0,0.0,0.6397587564451404,0.0,0.0,0.0,0.0,0.0,0.0,0.0,0.0,0.0,0.0,0.0,0.0,0.0,0.0,0.0,0.596774193548387,0.8915662650602411,0.0,0.8558199507677879,0.3022049286640726,0.0,0.019137749737118834,0.2418731064674999,0.0004702320887991927,0.07465477560414271,0.5036057692307692,0.32449830614098474,5c1sfI6wIQEsSUw0xrkFdl
52,0.0,0.0,0.0,0.0,0.0,0.0,0.0,0.0,0.0,0.0,0.0,0.0,0.0,0.0,0.0,0.0,0.0,0.0,0.0,0.0,0.0,0.0,0.0,0.0,0.0,0.0,0.0,0.0,0.0,0.0,0.0,0.0,0.0,0.0,0.0,0.0,0.0,0.0,0.0,0.0,0.0,0.0,0.0,0.0,0.0,0.0,0.0,0.0,0.0,0.0,0.0,0.0,0.0,0.0,0.0,0.0,0.0,0.0,0.0,0.0,0.6938455466462303,0.0,0.0,0.0,0.0,0.0,0.0,0.0,0.0,0.0,0.0,0.0,0.0,0.0,0.0,0.0,0.0,0.0,0.7201238486532675,0.0,0.0,0.0,0.0,0.0,0.0,0.0,0.0,0.0,0.0,0.0,0.0,0.0,0.0,0.0,0.0,0.0,0.0,0.0,0.1774193548387097,0.0,0.8908322834062106,0.30254366428320245,0.9987029831387808,0.8908322834062106,0.23028391167192436,2.5364215861907128e-05,1.0,0.03552934407364788,0.0,0.3968801172110661,6sqNctd7MlJoKDOxPVCAvU
53,0.0,0.0,0.0,0.0,0.0,0.0,0.0,0.0,0.0,0.0,0.0,0.0,0.0,0.0,0.0,0.0,0.0,0.0,0.0,0.0,0.0,0.0,0.0,0.0,0.0,0.0,0.0,0.0,0.0,0.0,0.0,0.0,0.0,0.0,0.0,0.0,0.0,0.0,0.0,0.0,0.0,0.0,0.0,0.0,0.0,0.0,0.0,0.0,0.0,0.0,0.0,0.0,0.0,0.0,0.0,0.0,0.0,0.0,0.0,0.0,0.6938455466462303,0.0,0.0,0.0,0.0,0.0,0.0,0.0,0.0,0.0,0.0,0.0,0.0,0.0,0.0,0.0,0.0,0.0,0.7201238486532675,0.0,0.0,0.0,0.0,0.0,0.0,0.0,0.0,0.0,0.0,0.0,0.0,0.0,0.0,0.0,0.0,0.0,0.0,0.0,0.1774193548387097,0.0,0.7576521159119542,0.38576954636033284,0.9779507133592737,0.7576521159119542,0.02586750788643534,1.5061752906960304e-05,0.941473259334006,0.49079401611047185,0.548076923076923,0.5694349604545244,1b7vg5T9YKR3NNqXfBYRF7
54,0.0,0.0,0.0,0.0,0.0,0.0,0.0,0.0,0.0,0.0,0.0,0.0,0.0,0.0,0.0,0.0,0.0,0.0,0.0,0.0,0.0,0.0,0.0,0.0,0.0,0.0,0.0,0.0,0.0,0.0,0.0,0.0,0.0,0.0,0.0,0.0,0.0,0.0,0.0,0.0,0.0,0.0,0.0,0.0,0.0,0.0,0.0,0.0,0.0,0.0,0.0,0.0,0.0,0.0,0.0,0.0,0.0,0.0,0.0,0.0,0.6938455466462303,0.0,0.0,0.0,0.0,0.0,0.0,0.0,0.0,0.0,0.0,0.0,0.0,0.0,0.0,0.0,0.0,0.0,0.7201238486532675,0.0,0.0,0.0,0.0,0.0,0.0,0.0,0.0,0.0,0.0,0.0,0.0,0.0,0.0,0.0,0.0,0.0,0.0,0.0,0.1774193548387097,0.0,0.4843993181649744,0.5123666627593483,0.0,0.4843993181649744,0.025446898002103063,0.05978827206811362,0.23713420787083753,0.10313578826237055,0.26442307692307687,0.29070731044358555,2HHtWyy5CgaQbC7XSoOb0e
55,0.0,0.0,0.0,0.0,0.0,0.0,0.0,0.0,0.0,0.0,0.0,0.0,0.0,0.0,0.0,0.0,0.0,0.0,0.0,0.0,0.0,0.0,0.0,0.0,0.0,0.0,0.0,0.0,0.0,0.0,0.0,0.0,0.0,0.0,0.0,0.0,0.0,0.0,0.0,0.0,0.0,0.0,0.0,0.0,0.0,0.0,0.0,0.0,0.0,0.0,0.0,0.0,0.0,0.0,0.0,0.0,0.0,0.0,0.0,0.0,0.6938455466462303,0.0,0.0,0.0,0.0,0.0,0.0,0.0,0.0,0.0,0.0,0.0,0.0,0.0,0.0,0.0,0.0,0.0,0.7201238486532675,0.0,0.0,0.0,0.0,0.0,0.0,0.0,0.0,0.0,0.0,0.0,0.0,0.0,0.0,0.0,0.0,0.0,0.0,0.0,0.1774193548387097,0.0,0.7652857036982138,0.0,0.9740596627756162,0.7652857036982138,0.11566771819137753,4.787285775260617e-05,0.9616548940464177,0.5325086306098966,0.21153846153846148,0.8312107611426752,1MYYt7h6amcrauCOoso3Gx
56,0.0,0.0,0.0,0.0,0.0,0.0,0.0,0.0,0.0,0.0,0.0,0.0,0.0,0.0,0.0,0.0,0.0,0.0,0.0,0.0,0.0,0.0,0.0,0.0,0.0,0.0,0.0,0.0,0.0,0.0,0.0,0.0,0.0,0.0,0.0,0.0,0.0,0.0,0.0,0.0,0.0,0.0,0.0,0.0,0.0,0.0,0.0,0.0,0.0,0.0,0.0,0.0,0.0,0.0,0.0,0.0,0.0,0.0,0.0,0.0,0.6938455466462303,0.0,0.0,0.0,0.0,0.0,0.0,0.0,0.0,0.0,0.0,0.0,0.0,0.0,0.0,0.0,0.0,0.0,0.7201238486532675,0.0,0.0,0.0,0.0,0.0,0.0,0.0,0.0,0.0,0.0,0.0,0.0,0.0,0.0,0.0,0.0,0.0,0.0,0.0,0.1774193548387097,0.0,0.7279330022974875,0.2322119329504161,0.9338521400778212,0.7279330022974875,0.1798107255520505,0.0008268286437809769,0.941473259334006,0.20023014959723823,0.282451923076923,0.26141780308806084,3x2mJ2bjCIU70NrH49CtYR
57,0.0,0.0,0.0,0.0,0.0,0.0,0.0,0.0,0.0,0.0,0.0,0.0,0.0,0.0,0.0,0.0,0.0,0.0,0.0,0.0,0.0,0.0,0.0,0.0,0.0,0.0,0.0,0.0,0.0,0.0,0.0,0.0,0.0,0.0,0.0,0.0,0.0,0.0,0.0,0.0,0.0,0.0,0.0,0.0,0.0,0.0,0.0,0.0,0.0,0.0,0.0,0.0,0.0,0.0,0.0,0.0,0.0,0.0,0.0,0.0,0.6938455466462303,0.0,0.0,0.0,0.0,0.0,0.0,0.0,0.0,0.0,0.0,0.0,0.0,0.0,0.0,0.0,0.0,0.0,0.7201238486532675,0.0,0.0,0.0,0.0,0.0,0.0,0.0,0.0,0.0,0.0,0.0,0.0,0.0,0.0,0.0,0.0,0.0,0.0,0.0,0.1774193548387097,0.3734939759036145,0.6555250870821907,0.47720079709295504,0.9922178988326849,0.6555250870821907,0.06288117770767614,0.0,0.8990918264379415,0.1944764096662831,0.5084134615384616,0.39768892660386235,1Pm3fq1SC6lUlNVBGZi3Em
58,0.0,0.0,0.0,0.0,0.0,0.0,0.0,0.0,0.0,0.0,0.0,0.0,0.0,0.0,0.0,0.0,0.0,0.0,0.0,0.0,0.0,0.0,0.0,0.0,0.0,0.0,0.0,0.0,0.0,0.0,0.0,0.0,0.0,0.0,0.0,0.0,0.0,0.0,0.0,0.0,0.0,0.0,0.0,0.0,0.0,0.0,0.0,0.0,0.0,0.0,0.0,0.0,0.0,0.0,0.0,0.0,0.0,0.0,0.0,0.0,1.0,0.0,0.0,0.0,0.0,0.0,0.0,0.0,0.0,0.0,0.0,0.0,0.0,0.0,0.0,0.0,0.0,0.0,0.0,0.0,0.0,0.0,0.0,0.0,0.0,0.0,0.0,0.0,0.0,0.0,0.0,0.0,0.0,0.0,0.0,0.0,0.0,0.0,0.0,0.3614457831325301,0.8330245312384198,0.4783729926151682,0.9909208819714657,0.8330245312384198,0.043743427970557316,0.22507561251921704,0.6609485368314834,0.3167433831990794,0.2487980769230769,0.7329868270142336,1NXTEkIeRL59NK61QuhYUl
59,0.0,0.0,0.0,0.0,0.0,0.0,0.0,0.0,1.0,0.0,0.0,0.0,0.0,0.0,0.0,0.0,0.0,0.0,0.0,0.0,0.0,0.0,0.0,0.0,0.0,0.0,0.0,0.0,0.0,0.0,0.0,0.0,0.0,0.0,0.0,0.0,0.0,0.0,0.0,0.0,0.0,0.0,0.0,0.0,0.0,0.0,0.0,0.0,0.0,0.0,0.0,0.0,0.0,0.0,0.0,0.0,0.0,0.0,0.0,0.0,0.0,0.0,0.0,0.0,0.0,0.0,0.0,0.0,0.0,0.0,0.0,0.0,0.0,0.0,0.0,0.0,0.0,0.0,0.0,0.0,0.0,0.0,0.0,0.0,0.0,0.0,0.0,0.0,0.0,0.0,0.0,0.0,0.0,0.0,0.0,0.0,0.0,0.0,0.04838709677419356,0.20481927710843376,0.3421033128288741,0.5287774000703317,0.32814526588845655,0.3421033128288741,0.027339642481598328,1.0000000000000002,0.4994954591321897,0.11392405063291139,0.15144230769230768,0.7298841811467857,3RGlJJFkWEavxeRQr9ivAd
60,0.0,0.0,0.0,0.0,0.0,0.0,0.0,0.0,0.0,0.529086405585125,0.0,0.0,0.0,0.0,0.0,0.0,0.0,0.0,0.0,0.0,0.0,0.0,0.0,0.0,0.0,0.0,0.0,0.0,0.0,0.0,0.0,0.0,0.0,0.0,0.0,0.0,0.0,0.0,0.0,0.0,0.0,0.0,0.0,0.4691136060966605,0.0,0.0,0.0,0.0,0.0,0.0,0.0,0.0,0.0,0.0,0.0,0.0,0.0,0.0,0.0,0.0,0.0,0.0,0.0,0.0,0.0,0.0,0.0,0.0,0.0,0.0,0.0,0.0,0.0,0.0,0.0,0.0,0.0,0.0,0.0,0.4691136060966605,0.0,0.0,0.0,0.0,0.0,0.0,0.0,0.0,0.0,0.0,0.0,0.0,0.0,0.0,0.0,0.0,0.529086405585125,0.0,0.6451612903225805,0.783132530120482,0.38093826428518485,0.6483413433360684,0.3696498054474708,0.38093826428518485,0.8422712933753944,0.3034639176112038,0.0,0.9165707710011509,0.454326923076923,0.7526833246043795,0e9hR1vTrzlUvFH5PgA9rY
61,0.0,0.0,0.0,0.0,0.0,0.0,0.0,0.0,0.0,0.0,0.0,0.0,0.0,0.0,0.0,0.0,0.0,0.0,0.0,0.0,0.0,0.0,0.0,0.0,0.0,0.0,0.0,0.0,0.0,0.0,0.0,0.0,0.0,0.0,0.0,0.0,0.0,0.0,0.0,0.0,0.0,0.0,0.0,0.7071067811865476,0.0,0.0,0.0,0.0,0.0,0.0,0.0,0.0,0.0,0.0,0.0,0.0,0.0,0.0,0.0,0.0,0.0,0.0,0.0,0.0,0.0,0.0,0.0,0.0,0.0,0.0,0.0,0.0,0.0,0.0,0.0,0.0,0.0,0.0,0.0,0.7071067811865476,0.0,0.0,0.0,0.0,0.0,0.0,0.0,0.0,0.0,0.0,0.0,0.0,0.0,0.0,0.0,0.0,0.0,0.0,0.6774193548387095,0.7710843373493976,0.37886311420736674,0.6975735552690189,0.2697795071335927,0.37886311420736674,0.9810725552050473,0.19819962220196444,0.0,0.2563291139240506,0.30048076923076916,0.6533986568460411,7dkbEHIMLoeuG4zXGmzhEH
62,0.0,0.0,0.0,0.0,0.0,0.0,0.0,0.0,0.0,0.529086405585125,0.0,0.0,0.0,0.0,0.0,0.0,0.0,0.0,0.0,0.0,0.0,0.0,0.0,0.0,0.0,0.0,0.0,0.0,0.0,0.0,0.0,0.0,0.0,0.0,0.0,0.0,0.0,0.0,0.0,0.0,0.0,0.0,0.0,0.4691136060966605,0.0,0.0,0.0,0.0,0.0,0.0,0.0,0.0,0.0,0.0,0.0,0.0,0.0,0.0,0.0,0.0,0.0,0.0,0.0,0.0,0.0,0.0,0.0,0.0,0.0,0.0,0.0,0.0,0.0,0.0,0.0,0.0,0.0,0.0,0.0,0.4691136060966605,0.0,0.0,0.0,0.0,0.0,0.0,0.0,0.0,0.0,0.0,0.0,0.0,0.0,0.0,0.0,0.0,0.529086405585125,0.0,0.6451612903225805,0.8313253012048193,0.4936633810123767,0.6143476731918883,0.29831387808041504,0.4936633810123767,0.5457413249211357,0.5845419830124704,0.0,0.13118527042577674,0.5036057692307692,0.4771776529942522,7nZnCjIJ8JigdMqJ36yRRm
63,0.0,0.0,0.0,0.0,0.0,0.0,0.0,0.0,0.0,0.0,0.0,0.0,0.0,0.0,0.0,0.0,0.0,0.0,0.0,0.0,0.0,0.0,0.0,0.0,0.0,0.0,0.0,0.0,0.0,0.0,0.0,0.0,0.0,0.0,0.0,0.0,0.0,0.0,0.0,0.0,0.0,0.0,0.0,0.7071067811865476,0.0,0.0,0.0,0.0,0.0,0.0,0.0,0.0,0.0,0.0,0.0,0.0,0.0,0.0,0.0,0.0,0.0,0.0,0.0,0.0,0.0,0.0,0.0,0.0,0.0,0.0,0.0,0.0,0.0,0.0,0.0,0.0,0.0,0.0,0.0,0.7071067811865476,0.0,0.0,0.0,0.0,0.0,0.0,0.0,0.0,0.0,0.0,0.0,0.0,0.0,0.0,0.0,0.0,0.0,0.0,0.6774193548387095,0.819277108433735,0.5749647965611797,0.7186730746688547,0.5758754863813231,0.5749647965611797,0.8191377497371188,0.16796413309505528,0.0,0.09134062140391255,0.5228365384615383,0.7985202765862941,2TK2KSrzXD6W01qjXVjNGh
64,0.5229977416605892,0.0,0.0,0.0,0.0,0.0,0.0,0.0,0.0,0.0,0.0,0.0,0.0,0.0,0.0,0.0,0.0,0.5033251709519496,0.0,0.0,0.0,0.0,0.0,0.0,0.0,0.0,0.0,0.0,0.0,0.0,0.0,0.0,0.0,0.0,0.0,0.0,0.0,0.0,0.0,0.5229977416605892,0.0,0.0,0.0,0.0,0.0,0.0,0.0,0.0,0.0,0.0,0.0,0.0,0.0,0.0,0.0,0.0,0.0,0.0,0.0,0.0,0.0,0.0,0.0,0.0,0.0,0.0,0.0,0.0,0.0,0.0,0.0,0.0,0.0,0.0,0.0,0.0,0.0,0.44677790536466533,0.0,0.0,0.0,0.0,0.0,0.0,0.0,0.0,0.0,0.0,0.0,0.0,0.0,0.0,0.0,0.0,0.0,0.0,0.0,0.0,0.7580645161290323,0.9397590361445783,0.1832802193730082,0.2966826866721369,0.17509727626459148,0.1832802193730082,0.017665615141955845,0.6494922929458308,0.003229061553985873,0.1283084004602992,0.0769230769230769,0.1486021519633517,3nJYcY9yvKP8Oi2Ml8brXt
65,0.0,0.4769040383031892,0.0,0.0,0.0,0.0,0.0,0.0,0.0,0.0,0.0,0.0,0.0,0.0,0.0,0.0,0.0,0.0,0.0,0.0,0.0,0.0,0.0,0.0,0.0,0.0,0.0,0.0,0.0,0.0,0.0,0.0,0.0,0.0,0.0,0.0,0.0,0.0,0.519812162830518,0.0,0.0,0.0,0.0,0.0,0.0,0.0,0.0,0.0,0.0,0.0,0.0,0.0,0.0,0.0,0.0,0.0,0.0,0.519812162830518,0.0,0.0,0.0,0.0,0.0,0.0,0.0,0.0,0.0,0.0,0.0,0.0,0.32172971555963437,0.2660561998358473,0.0,0.0,0.0,0.0,0.0,0.24053535634466006,0.0,0.0,0.0,0.0,0.0,0.0,0.0,0.0,0.0,0.0,0.0,0.0,0.0,0.0,0.0,0.0,0.0,0.0,0.0,0.0,0.5,0.0,0.4241458534054695,0.5334661821591842,0.28274967574578475,0.4241458534054695,0.005888538380651953,0.3292200749985708,0.08920282542885974,0.18009205983889529,0.26442307692307687,0.5974383282837992,4TTV7EcfroSLWzXRY6gLv6
66,0.0,0.0,0.0,0.0,0.0,0.0,0.0,0.0,0.0,0.0,0.0,0.0,0.0,0.0,0.0,0.0,0.0,0.0,0.0,0.0,0.0,0.0,0.0,0.0,0.0,0.0,0.0,0.37796447300922725,0.37796447300922725,0.0,0.0,0.0,0.0,0.0,0.0,0.0,0.37796447300922725,0.37796447300922725,0.0,0.0,0.0,0.0,0.0,0.0,0.0,0.0,0.0,0.0,0.0,0.0,0.0,0.0,0.0,0.0,0.0,0.0,0.0,0.0,0.0,0.37796447300922725,0.0,0.0,0.0,0.0,0.0,0.0,0.0,0.0,0.0,0.0,0.0,0.0,0.37796447300922725,0.0,0.0,0.0,0.0,0.0,0.0,0.0,0.0,0.0,0.0,0.0,0.0,0.0,0.0,0.0,0.37796447300922725,0.0,0.0,0.0,0.0,0.0,0.0,0.0,0.0,0.0,0.5806451612903225,0.0,0.6815385755576966,0.420935412026726,0.7626459143968873,0.6815385755576966,0.025657202944269195,0.011971405962001717,0.0007759838546922301,0.22612197928653627,0.09014423076923073,0.271773215149928,4cxvludVmQxryrnx1m9FqL
67,0.0,0.0,0.0,0.0,0.0,0.0,0.0,1.0,0.0,0.0,0.0,0.0,0.0,0.0,0.0,0.0,0.0,0.0,0.0,0.0,0.0,0.0,0.0,0.0,0.0,0.0,0.0,0.0,0.0,0.0,0.0,0.0,0.0,0.0,0.0,0.0,0.0,0.0,0.0,0.0,0.0,0.0,0.0,0.0,0.0,0.0,0.0,0.0,0.0,0.0,0.0,0.0,0.0,0.0,0.0,0.0,0.0,0.0,0.0,0.0,0.0,0.0,0.0,0.0,0.0,0.0,0.0,0.0,0.0,0.0,0.0,0.0,0.0,0.0,0.0,0.0,0.0,0.0,0.0,0.0,0.0,0.0,0.0,0.0,0.0,0.0,0.0,0.0,0.0,0.0,0.0,0.0,0.0,0.0,0.0,0.0,0.0,0.0,0.532258064516129,0.7590361445783133,0.5263469947380123,0.6424803657250029,0.846952010376135,0.5263469947380123,0.045846477392218726,0.23291444302841569,0.011301715438950555,0.055667433831990805,0.7103365384615383,0.2820424426043663,5CQ30WqJwcep0pYcV4AMNc
68,0.0,0.0,0.0,0.0,0.0,0.0,0.7962519844802489,0.0,0.0,0.0,0.0,0.0,0.0,0.0,0.0,0.0,0.0,0.45243418537308816,0.0,0.0,0.0,0.0,0.0,0.0,0.0,0.0,0.0,0.0,0.0,0.0,0.0,0.0,0.0,0.0,0.0,0.0,0.0,0.0,0.0,0.0,0.0,0.0,0.0,0.0,0.0,0.0,0.0,0.0,0.0,0.0,0.0,0.0,0.0,0.0,0.0,0.0,0.0,0.0,0.0,0.0,0.0,0.0,0.0,0.0,0.0,0.0,0.0,0.0,0.0,0.0,0.0,0.0,0.0,0.0,0.0,0.0,0.0,0.4016043888169747,0.0,0.0,0.0,0.0,0.0,0.0,0.0,0.0,0.0,0.0,0.0,0.0,0.0,0.0,0.0,0.0,0.0,0.0,0.0,0.0,0.7741935483870968,0.012048192771084338,0.2748091603053434,0.5639432657367248,0.6070038910505837,0.2748091603053434,0.5899053627760253,0.6326947989975479,1.1402623612512614e-06,0.024453394706559266,0.5408653846153845,0.36043065785373807,1HZ3cUZUw5htSFmah1V8Ko
69,0.0,0.0,0.0,0.0,0.0,0.0,0.7962519844802489,0.0,0.0,0.0,0.0,0.0,0.0,0.0,0.0,0.0,0.0,0.45243418537308816,0.0,0.0,0.0,0.0,0.0,0.0,0.0,0.0,0.0,0.0,0.0,0.0,0.0,0.0,0.0,0.0,0.0,0.0,0.0,0.0,0.0,0.0,0.0,0.0,0.0,0.0,0.0,0.0,0.0,0.0,0.0,0.0,0.0,0.0,0.0,0.0,0.0,0.0,0.0,0.0,0.0,0.0,0.0,0.0,0.0,0.0,0.0,0.0,0.0,0.0,0.0,0.0,0.0,0.0,0.0,0.0,0.0,0.0,0.0,0.4016043888169747,0.0,0.0,0.0,0.0,0.0,0.0,0.0,0.0,0.0,0.0,0.0,0.0,0.0,0.0,0.0,0.0,0.0,0.0,0.0,0.0,0.7741935483870968,0.012048192771084338,0.4738753427703253,0.6389637791583636,0.5330739299610896,0.4738753427703253,0.011356466876971616,0.5184718401492244,0.04117053481331988,0.21029919447640966,0.45192307692307687,0.3887058386756741,43pmQcgxMMhJu1gPW2ZdNz
70,0.28204561837379727,0.0,0.0,0.0,0.47770887402236306,0.0,0.0,0.0,0.0,0.0,0.0,0.0,0.0,0.0,0.0,0.0,0.0,0.27143646669198873,0.0,0.0,0.38789271808484865,0.0,0.0,0.0,0.0,0.0,0.0,0.0,0.0,0.0,0.0,0.0,0.0,0.0,0.0,0.0,0.0,0.0,0.0,0.28204561837379727,0.0,0.0,0.0,0.0,0.0,0.0,0.0,0.0,0.0,0.0,0.3612526226295031,0.0,0.0,0.0,0.0,0.0,0.0,0.0,0.0,0.0,0.0,0.0,0.0,0.0,0.0,0.0,0.0,0.0,0.0,0.0,0.0,0.0,0.0,0.0,0.0,0.0,0.0,0.24094129009854307,0.0,0.0,0.0,0.0,0.0,0.0,0.0,0.0,0.44721369742891737,0.0,0.0,0.0,0.0,0.0,0.0,0.0,0.0,0.0,0.0,0.0,0.6774193548387095,0.9277108433734941,0.4677981175424293,0.19235728519517054,0.8158236057068742,0.4677981175424293,0.06771819137749739,0.08263286383777832,9.566094853683148e-05,0.09436133486766399,0.24639423076923075,0.38587500580088707,6Vz7vzOpCwKeSQlfViibuY
71,0.3318746714190198,0.0,0.0,0.0,0.0,0.0,0.0,0.0,0.0,0.0,0.0,0.0,0.0,0.0,0.0,0.0,0.0,0.31939119889164846,0.0,0.0,0.4564217983689092,0.0,0.0,0.0,0.0,0.0,0.0,0.0,0.0,0.0,0.0,0.0,0.0,0.0,0.0,0.0,0.0,0.0,0.0,0.3318746714190198,0.0,0.0,0.0,0.0,0.0,0.0,0.0,0.0,0.0,0.0,0.42507519218232825,0.0,0.0,0.0,0.0,0.0,0.0,0.0,0.0,0.0,0.0,0.0,0.0,0.0,0.0,0.0,0.0,0.0,0.0,0.0,0.0,0.0,0.0,0.0,0.0,0.0,0.0,0.28350843364903483,0.0,0.0,0.0,0.0,0.4564217983689092,0.0,0.0,0.0,0.0,0.0,0.0,0.0,0.0,0.0,0.0,0.0,0.0,0.0,0.0,0.0,0.564516129032258,0.8072289156626506,0.6180241606759059,0.39163052397139836,0.6121919584954605,0.6180241606759059,0.0185068349106204,0.0011202248714109846,0.00010080726538849647,0.26495972382048333,0.6622596153846154,0.44855773374259966,4sFbojhVXQv7dBC9PVCcRn
72,0.3318746714190198,0.0,0.0,0.0,0.0,0.0,0.0,0.0,0.0,0.0,0.0,0.0,0.0,0.0,0.0,0.0,0.0,0.31939119889164846,0.0,0.0,0.4564217983689092,0.0,0.0,0.0,0.0,0.0,0.0,0.0,0.0,0.0,0.0,0.0,0.0,0.0,0.0,0.0,0.0,0.0,0.0,0.3318746714190198,0.0,0.0,0.0,0.0,0.0,0.0,0.0,0.0,0.0,0.0,0.42507519218232825,0.0,0.0,0.0,0.0,0.0,0.0,0.0,0.0,0.0,0.0,0.0,0.0,0.0,0.0,0.0,0.0,0.0,0.0,0.0,0.0,0.0,0.0,0.0,0.0,0.0,0.0,0.28350843364903483,0.0,0.0,0.0,0.0,0.4564217983689092,0.0,0.0,0.0,0.0,0.0,0.0,0.0,0.0,0.0,0.0,0.0,0.0,0.0,0.0,0.0,0.564516129032258,0.746987951807229,0.4190320907137033,0.410385652326808,0.5862516212710767,0.4190320907137033,0.06098843322818087,0.01099715131300131,0.007547931382441977,0.09421749136939009,0.09134615384615383,0.38906383627576413,1dv3ePjze9tPq2pk8eWJdR
73,0.32281531097556376,0.0,0.0,0.0,0.0,0.0,0.0,0.0,0.0,0.0,0.0,0.0,0.0,0.0,0.0,0.0,0.0,0.3106726064758575,0.0,0.0,0.0,0.0,0.0,0.0,0.0,0.0,0.0,0.0,0.0,0.0,0.0,0.0,0.0,0.0,0.0,0.0,0.0,0.0,0.0,0.0,0.0,0.0,0.0,0.0,0.0,0.0,0.0,0.0,0.0,0.0,0.4134716872655913,0.0,0.0,0.0,0.0,0.0,0.0,0.0,0.0,0.0,0.0,0.0,0.0,0.0,0.0,0.0,0.0,0.0,0.0,0.0,0.0,0.0,0.0,0.0,0.0,0.0,0.0,0.2757693522717054,0.0,0.0,0.0,0.0,0.44396260837410023,0.0,0.0,0.0,0.0,0.0,0.0,0.0,0.0,0.0,0.0,0.0,0.0,0.0,0.0,0.5959550630108795,0.6774193548387095,0.9518072289156627,0.7207440895279034,0.454929082170906,0.8988326848249029,0.7207440895279034,0.06435331230283912,0.008757485453230261,0.06236125126135217,0.21029919447640966,0.8112980769230769,0.2422317835573028,5EWPGh7jbTNO2wakv8LjUI
74,0.24052616445631295,0.0,0.30807324085319165,0.0,0.0,0.0,0.0,0.0,0.0,0.0,0.0,0.0,0.0,0.0,0.0,0.0,0.0,0.23147876787956925,0.0,0.0,0.0,0.0,0.0,0.0,0.0,0.0,0.0,0.0,0.0,0.0,0.0,0.0,0.0,0.0,0.0,0.0,0.0,0.0,0.0,0.24052616445631295,0.4440396121892057,0.0,0.0,0.0,0.0,0.0,0.0,0.0,0.0,0.0,0.30807324085319165,0.0,0.0,0.0,0.0,0.0,0.0,0.0,0.0,0.0,0.0,0.0,0.0,0.0,0.0,0.0,0.0,0.0,0.0,0.0,0.0,0.0,0.0,0.30807324085319165,0.0,0.0,0.0,0.20547273416512796,0.0,0.0,0.0,0.0,0.3307916933417257,0.0,0.0,0.0,0.0,0.0,0.0,0.4440396121892057,0.0,0.0,0.0,0.0,0.0,0.0,0.0,0.0,0.5806451612903225,0.9036144578313253,0.651226561920996,0.465478841870824,0.753566796368353,0.651226561920996,0.013669821240799171,0.0035838573171591386,8.960645812310797e-05,0.6029919447640968,0.7932692307692307,0.44243862661513267,1GqlvSEtMx5xbGptxOTTyk
75,0.0,0.0,0.0,0.0,0.0,0.0,0.0,0.0,0.0,0.0,0.0,0.0,0.0,0.0,0.0,0.0,0.0,0.4276590122302631,0.0,0.0,0.0,0.0,0.0,0.0,0.0,0.0,0.0,0.0,0.0,0.0,0.0,0.0,0.0,0.0,0.0,0.8203669981462066,0.0,0.0,0.0,0.0,0.0,0.0,0.0,0.0,0.0,0.0,0.0,0.0,0.0,0.0,0.0,0.0,0.0,0.0,0.0,0.0,0.0,0.0,0.0,0.0,0.0,0.0,0.0,0.0,0.0,0.0,0.0,0.0,0.0,0.0,0.0,0.0,0.0,0.0,0.0,0.0,0.0,0.37961264153188806,0.0,0.0,0.0,0.0,0.0,0.0,0.0,0.0,0.0,0.0,0.0,0.0,0.0,0.0,0.0,0.0,0.0,0.0,0.0,0.0,0.8870967741935483,0.0,0.3404728377677313,0.38576954636033284,0.25810635538262,0.3404728377677313,0.05131440588853839,0.3034639176112038,0.0,0.39298043728423476,0.10937499999999997,0.07350221096665982,39C5FuZ8C8M0QI8CrMsPkR
76,0.28204561837379727,0.0,0.0,0.0,0.47770887402236306,0.0,0.0,0.0,0.0,0.0,0.0,0.0,0.0,0.0,0.0,0.0,0.0,0.27143646669198873,0.0,0.0,0.38789271808484865,0.0,0.0,0.0,0.0,0.0,0.0,0.0,0.0,0.0,0.0,0.0,0.0,0.0,0.0,0.0,0.0,0.0,0.0,0.28204561837379727,0.0,0.0,0.0,0.0,0.0,0.0,0.0,0.0,0.0,0.0,0.3612526226295031,0.0,0.0,0.0,0.0,0.0,0.0,0.0,0.0,0.0,0.0,0.0,0.0,0.0,0.0,0.0,0.0,0.0,0.0,0.0,0.0,0.0,0.0,0.0,0.0,0.0,0.0,0.24094129009854307,0.0,0.0,0.0,0.0,0.0,0.0,0.0,0.0,0.44721369742891737,0.0,0.0,0.0,0.0,0.0,0.0,0.0,0.0,0.0,0.0,0.0,0.6774193548387095,0.0,0.18594826947305998,0.6002813269253311,0.5188067444876783,0.18594826947305998,0.0,0.20267895392150653,0.00033400605449041373,0.13118527042577674,0.9050480769230768,0.2503596549963869,4aVuWgvD0X63hcOCnZtNFA
77,0.3318746714190198,0.0,0.0,0.0,0.0,0.0,0.0,0.0,0.0,0.0,0.0,0.0,0.0,0.0,0.0,0.0,0.0,0.31939119889164846,0.0,0.0,0.4564217983689092,0.0,0.0,0.0,0.0,0.0,0.0,0.0,0.0,0.0,0.0,0.0,0.0,0.0,0.0,0.0,0.0,0.0,0.0,0.3318746714190198,0.0,0.0,0.0,0.0,0.0,0.0,0.0,0.0,0.0,0.0,0.42507519218232825,0.0,0.0,0.0,0.0,0.0,0.0,0.0,0.0,0.0,0.0,0.0,0.0,0.0,0.0,0.0,0.0,0.0,0.0,0.0,0.0,0.0,0.0,0.0,0.0,0.0,0.0,0.28350843364903483,0.0,0.0,0.0,0.0,0.4564217983689092,0.0,0.0,0.0,0.0,0.0,0.0,0.0,0.0,0.0,0.0,0.0,0.0,0.0,0.0,0.0,0.564516129032258,0.9397590361445783,0.4804713555176757,0.34239831203844795,0.6173800259403373,0.4804713555176757,0.009043112513144061,0.0009746465905258663,0.002320887991927346,0.033947065592635224,0.18269230769230763,0.32333149914809833,4DMKwE2E2iYDKY01C335Uw
78,0.5229977416605892,0.0,0.0,0.0,0.0,0.0,0.0,0.0,0.0,0.0,0.0,0.0,0.0,0.0,0.0,0.0,0.0,0.5033251709519496,0.0,0.0,0.0,0.0,0.0,0.0,0.0,0.0,0.0,0.0,0.0,0.0,0.0,0.0,0.0,0.0,0.0,0.0,0.0,0.0,0.0,0.5229977416605892,0.0,0.0,0.0,0.0,0.0,0.0,0.0,0.0,0.0,0.0,0.0,0.0,0.0,0.0,0.0,0.0,0.0,0.0,0.0,0.0,0.0,0.0,0.0,0.0,0.0,0.0,0.0,0.0,0.0,0.0,0.0,0.0,0.0,0.0,0.0,0.0,0.0,0.44677790536466533,0.0,0.0,0.0,0.0,0.0,0.0,0.0,0.0,0.0,0.0,0.0,0.0,0.0,0.0,0.0,0.0,0.0,0.0,0.0,0.0,0.7580645161290323,0.012048192771084338,0.24872155932705842,0.4631344508263978,0.4293125810635539,0.24872155932705842,0.036172450052576244,0.5464676633963625,4.25832492431887e-05,0.18440736478711164,0.5384615384615383,0.1365628252640233,1AhDOtG9vPSOmsWgNW0BEY
79,0.0,0.0,0.0,0.0,0.0,0.0,0.0,0.0,1.0,0.0,0.0,0.0,0.0,0.0,0.0,0.0,0.0,0.0,0.0,0.0,0.0,0.0,0.0,0.0,0.0,0.0,0.0,0.0,0.0,0.0,0.0,0.0,0.0,0.0,0.0,0.0,0.0,0.0,0.0,0.0,0.0,0.0,0.0,0.0,0.0,0.0,0.0,0.0,0.0,0.0,0.0,0.0,0.0,0.0,0.0,0.0,0.0,0.0,0.0,0.0,0.0,0.0,0.0,0.0,0.0,0.0,0.0,0.0,0.0,0.0,0.0,0.0,0.0,0.0,0.0,0.0,0.0,0.0,0.0,0.0,0.0,0.0,0.0,0.0,0.0,0.0,0.0,0.0,0.0,0.0,0.0,0.0,0.0,0.0,0.0,0.0,0.0,0.0,0.04838709677419356,0.27710843373493976,0.27703253538871997,0.3259875747274645,0.45265888456549946,0.27703253538871997,0.013038906414300735,0.09909440790709552,0.9818365287588294,0.3368814729574224,0.33052884615384603,0.08227978175405565,4CJVkjo5WpmUAKp3R44LNb
80,0.0,0.0,0.0,0.0,0.0,0.0,0.0,0.0,0.0,0.0,0.0,0.0,0.0,0.0,0.0,0.0,0.0,0.0,0.0,0.0,0.0,0.0,0.0,0.0,0.0,0.0,0.0,0.0,0.0,0.0,0.0,0.0,0.0,0.0,0.8144526763443702,0.0,0.0,0.0,0.0,0.4411705014480065,0.0,0.0,0.0,0.0,0.0,0.0,0.0,0.0,0.0,0.0,0.0,0.0,0.0,0.0,0.0,0.0,0.0,0.0,0.0,0.0,0.0,0.0,0.0,0.0,0.0,0.0,0.0,0.0,0.0,0.0,0.0,0.0,0.0,0.0,0.0,0.0,0.0,0.3768758769775628,0.0,0.0,0.0,0.0,0.0,0.0,0.0,0.0,0.0,0.0,0.0,0.0,0.0,0.0,0.0,0.0,0.0,0.0,0.0,0.0,0.8064516129032258,1.0,0.5007040687764025,0.43265736724885706,0.9143968871595332,0.5007040687764025,0.04058885383806521,0.09696672534031302,0.10050454086781029,0.1283084004602992,0.596153846153846,0.4315727364938776,1QEEqeFIZktqIpPI4jSVSF
81,0.0,0.0,0.0,0.0,0.0,0.0,0.0,0.0,0.0,0.0,0.0,0.0,0.0,0.0,0.0,0.0,0.0,0.31273873849597206,0.0,0.0,0.4469151872039515,0.0,0.0,0.0,0.0,0.0,0.0,0.0,0.0,0.0,0.0,0.0,0.0,0.0,0.0,0.0,0.0,0.0,0.0,0.0,0.0,0.0,0.0,0.0,0.0,0.0,0.0,0.0,0.0,0.0,0.0,0.0,0.0,0.0,0.0,0.0,0.0,0.0,0.0,0.0,0.0,0.0,0.0,0.0,0.0,0.0,0.0,0.0,0.0,0.0,0.0,0.0,0.0,0.0,0.0,0.0,0.0,0.277603359767114,0.0,0.0,0.0,0.0,0.0,0.0,0.0,0.0,0.5152625558258008,0.5999184695442196,0.0,0.0,0.0,0.0,0.0,0.0,0.0,0.0,0.0,0.0,0.7741935483870968,0.9879518072289157,0.5192321944712072,0.6506857343804946,0.5940337224383918,0.5192321944712072,0.025026288117770787,0.22507561251921704,0.008133198789101917,0.18009205983889529,0.6370192307692307,0.48231558151406473,2nVHqZbOGkKWzlcy1aMbE7
82,0.2617590757585628,0.0,0.0,0.0,0.0,0.0,0.0,0.0,0.0,0.0,0.0,0.0,0.0,0.0,0.0,0.0,0.0,0.0,0.0,0.0,0.0,0.0,0.0,0.0,0.0,0.0,0.0,0.0,0.0,0.4832380658028094,0.4832380658028094,0.4832380658028094,0.0,0.0,0.0,0.0,0.0,0.0,0.0,0.2617590757585628,0.0,0.0,0.0,0.0,0.0,0.0,0.0,0.0,0.0,0.0,0.0,0.3352690006675904,0.0,0.0,0.0,0.0,0.0,0.0,0.0,0.0,0.0,0.0,0.0,0.0,0.0,0.0,0.0,0.0,0.0,0.0,0.0,0.0,0.0,0.0,0.0,0.0,0.0,0.22361123626705348,0.0,0.0,0.0,0.0,0.0,0.0,0.0,0.0,0.0,0.0,0.0,0.0,0.0,0.0,0.0,0.0,0.0,0.0,0.0,0.0,0.6774193548387095,0.0,0.12421255465797076,0.465478841870824,0.5136186770428015,0.12421255465797076,0.04858044164037856,0.009541368504150128,0.00018869828456104942,0.319620253164557,0.7704326923076923,0.4349074178428656,6MpMuAuLzFFfwB8QzWL1iZ
83,0.28760699634593145,0.0,0.3683758050049329,0.0,0.0,0.0,0.0,0.0,0.0,0.0,0.0,0.0,0.3811073522648696,0.0,0.0,0.0,0.3811073522648696,0.27678865331838803,0.0,0.0,0.0,0.0,0.0,0.0,0.0,0.0,0.0,0.0,0.0,0.0,0.0,0.0,0.0,0.0,0.0,0.0,0.0,0.0,0.0,0.28760699634593145,0.0,0.0,0.0,0.0,0.0,0.0,0.0,0.0,0.0,0.0,0.0,0.3683758050049329,0.0,0.0,0.0,0.0,0.0,0.0,0.0,0.0,0.0,0.0,0.0,0.0,0.0,0.0,0.0,0.0,0.0,0.0,0.0,0.0,0.0,0.3683758050049329,0.0,0.0,0.0,0.24569217256591672,0.0,0.0,0.0,0.0,0.0,0.0,0.0,0.0,0.0,0.0,0.0,0.0,0.0,0.0,0.0,0.0,0.0,0.0,0.0,0.0,0.5806451612903225,0.855421686746988,0.5418365078188689,0.5287774000703317,0.9027237354085604,0.5418365078188689,0.025026288117770787,0.001612951360560615,0.018768920282542883,0.0477560414269275,0.640625,0.18258540563116965,7o2CTH4ctstm8TNelqjb51
84,0.28760699634593145,0.0,0.3683758050049329,0.0,0.0,0.0,0.0,0.0,0.0,0.0,0.0,0.0,0.3811073522648696,0.0,0.0,0.0,0.3811073522648696,0.27678865331838803,0.0,0.0,0.0,0.0,0.0,0.0,0.0,0.0,0.0,0.0,0.0,0.0,0.0,0.0,0.0,0.0,0.0,0.0,0.0,0.0,0.0,0.28760699634593145,0.0,0.0,0.0,0.0,0.0,0.0,0.0,0.0,0.0,0.0,0.0,0.3683758050049329,0.0,0.0,0.0,0.0,0.0,0.0,0.0,0.0,0.0,0.0,0.0,0.0,0.0,0.0,0.0,0.0,0.0,0.0,0.0,0.0,0.0,0.3683758050049329,0.0,0.0,0.0,0.24569217256591672,0.0,0.0,0.0,0.0,0.0,0.0,0.0,0.0,0.0,0.0,0.0,0.0,0.0,0.0,0.0,0.0,0.0,0.0,0.0,0.0,0.5806451612903225,0.6385542168674699,0.510042244126584,0.5193998358926268,0.9286640726329445,0.510042244126584,0.05657202944269192,0.01947428659223473,0.00018768920282542884,0.029344073647871123,0.19831730769230763,0.5592055105112073,4BP3uh0hFLFRb5cjsgLqDh
85,0.28760699634593145,0.0,0.3683758050049329,0.0,0.0,0.0,0.0,0.0,0.0,0.0,0.0,0.0,0.3811073522648696,0.0,0.0,0.0,0.3811073522648696,0.27678865331838803,0.0,0.0,0.0,0.0,0.0,0.0,0.0,0.0,0.0,0.0,0.0,0.0,0.0,0.0,0.0,0.0,0.0,0.0,0.0,0.0,0.0,0.28760699634593145,0.0,0.0,0.0,0.0,0.0,0.0,0.0,0.0,0.0,0.0,0.0,0.3683758050049329,0.0,0.0,0.0,0.0,0.0,0.0,0.0,0.0,0.0,0.0,0.0,0.0,0.0,0.0,0.0,0.0,0.0,0.0,0.0,0.0,0.0,0.3683758050049329,0.0,0.0,0.0,0.24569217256591672,0.0,0.0,0.0,0.0,0.0,0.0,0.0,0.0,0.0,0.0,0.0,0.0,0.0,0.0,0.0,0.0,0.0,0.0,0.0,0.0,0.5806451612903225,0.674698795180723,0.46527829244793595,0.49830031649279094,0.9260700389105061,0.46527829244793595,0.07108307045215564,0.0022848511184919303,0.8163471241170535,0.059263521288837766,0.30408653846153844,0.5372284356167835,0XIvZ82aDF7JiSi3ZE320u
86,0.28760699634593145,0.0,0.3683758050049329,0.0,0.0,0.0,0.0,0.0,0.0,0.0,0.0,0.0,0.3811073522648696,0.0,0.0,0.0,0.3811073522648696,0.27678865331838803,0.0,0.0,0.0,0.0,0.0,0.0,0.0,0.0,0.0,0.0,0.0,0.0,0.0,0.0,0.0,0.0,0.0,0.0,0.0,0.0,0.0,0.28760699634593145,0.0,0.0,0.0,0.0,0.0,0.0,0.0,0.0,0.0,0.0,0.0,0.3683758050049329,0.0,0.0,0.0,0.0,0.0,0.0,0.0,0.0,0.0,0.0,0.0,0.0,0.0,0.0,0.0,0.0,0.0,0.0,0.0,0.0,0.0,0.3683758050049329,0.0,0.0,0.0,0.24569217256591672,0.0,0.0,0.0,0.0,0.0,0.0,0.0,0.0,0.0,0.0,0.0,0.0,0.0,0.0,0.0,0.0,0.0,0.0,0.0,0.0,0.5806451612903225,0.7951807228915663,0.4474171792781442,0.5815261985699214,0.8417639429312582,0.4474171792781442,0.03638275499474239,0.002195264484101088,0.0013118062563067608,0.12111622554660531,0.7872596153846153,0.4717745410669655,3QZ7uX97s82HFYSmQUAN1D
87,0.28760699634593145,0.0,0.3683758050049329,0.0,0.0,0.0,0.0,0.0,0.0,0.0,0.0,0.0,0.3811073522648696,0.0,0.0,0.0,0.3811073522648696,0.27678865331838803,0.0,0.0,0.0,0.0,0.0,0.0,0.0,0.0,0.0,0.0,0.0,0.0,0.0,0.0,0.0,0.0,0.0,0.0,0.0,0.0,0.0,0.28760699634593145,0.0,0.0,0.0,0.0,0.0,0.0,0.0,0.0,0.0,0.0,0.0,0.3683758050049329,0.0,0.0,0.0,0.0,0.0,0.0,0.0,0.0,0.0,0.0,0.0,0.0,0.0,0.0,0.0,0.0,0.0,0.0,0.0,0.0,0.0,0.3683758050049329,0.0,0.0,0.0,0.24569217256591672,0.0,0.0,0.0,0.0,0.0,0.0,0.0,0.0,0.0,0.0,0.0,0.0,0.0,0.0,0.0,0.0,0.0,0.0,0.0,0.0,0.5806451612903225,0.5421686746987953,0.4210331282887423,0.24393388817254713,0.7548638132295722,0.4210331282887423,0.0384858044164038,0.008656700489540564,0.5005045408678103,0.5253164556962027,0.007211538461538464,0.698022394738761,6UGHk2cmbDC1oidVjXcCKo
88,0.28760699634593145,0.0,0.3683758050049329,0.0,0.0,0.0,0.0,0.0,0.0,0.0,0.0,0.0,0.3811073522648696,0.0,0.0,0.0,0.3811073522648696,0.27678865331838803,0.0,0.0,0.0,0.0,0.0,0.0,0.0,0.0,0.0,0.0,0.0,0.0,0.0,0.0,0.0,0.0,0.0,0.0,0.0,0.0,0.0,0.28760699634593145,0.0,0.0,0.0,0.0,0.0,0.0,0.0,0.0,0.0,0.0,0.0,0.3683758050049329,0.0,0.0,0.0,0.0,0.0,0.0,0.0,0.0,0.0,0.0,0.0,0.0,0.0,0.0,0.0,0.0,0.0,0.0,0.0,0.0,0.0,0.3683758050049329,0.0,0.0,0.0,0.24569217256591672,0.0,0.0,0.0,0.0,0.0,0.0,0.0,0.0,0.0,0.0,0.0,0.0,0.0,0.0,0.0,0.0,0.0,0.0,0.0,0.0,0.5806451612903225,0.49397590361445787,0.30979026161713463,0.5193998358926268,0.45654993514915704,0.30979026161713463,0.012618296529968459,0.2743482614341801,0.015741675075681128,0.09925201380897583,0.26923076923076916,0.40913822022156077,3lpDrxUkr0tIe1kmJvdK7d
89,0.28760699634593145,0.0,0.3683758050049329,0.0,0.0,0.0,0.0,0.0,0.0,0.0,0.0,0.0,0.3811073522648696,0.0,0.0,0.0,0.3811073522648696,0.27678865331838803,0.0,0.0,0.0,0.0,0.0,0.0,0.0,0.0,0.0,0.0,0.0,0.0,0.0,0.0,0.0,0.0,0.0,0.0,0.0,0.0,0.0,0.28760699634593145,0.0,0.0,0.0,0.0,0.0,0.0,0.0,0.0,0.0,0.0,0.0,0.3683758050049329,0.0,0.0,0.0,0.0,0.0,0.0,0.0,0.0,0.0,0.0,0.0,0.0,0.0,0.0,0.0,0.0,0.0,0.0,0.0,0.0,0.0,0.3683758050049329,0.0,0.0,0.0,0.24569217256591672,0.0,0.0,0.0,0.0,0.0,0.0,0.0,0.0,0.0,0.0,0.0,0.0,0.0,0.0,0.0,0.0,0.0,0.0,0.0,0.0,0.5806451612903225,0.5783132530120483,0.4408211665307936,0.6073145000586097,0.8378728923476007,0.4408211665307936,0.06919032597266038,0.02809700015235327,1.7255297679112005e-05,0.41887226697353286,0.5937499999999999,0.5515814875463242,0K6yUnIKNsFtfIpTgGtcHm
90,0.0,0.0,0.0,0.0,0.0,0.0,0.0,0.0,0.0,0.0,0.0,0.0,0.0,0.0,0.0,0.7368648832307405,0.0,0.0,0.0,0.0,0.0,0.0,0.0,0.0,0.0,0.0,0.0,0.0,0.0,0.0,0.0,0.0,0.0,0.0,0.0,0.0,0.0,0.0,0.0,0.0,0.0,0.0,0.0,0.0,0.0,0.0,0.0,0.676040046048566,0.0,0.0,0.0,0.0,0.0,0.0,0.0,0.0,0.0,0.0,0.0,0.0,0.0,0.0,0.0,0.0,0.0,0.0,0.0,0.0,0.0,0.0,0.0,0.0,0.0,0.0,0.0,0.0,0.0,0.0,0.0,0.0,0.0,0.0,0.0,0.0,0.0,0.0,0.0,0.0,0.0,0.0,0.0,0.0,0.0,0.0,0.0,0.0,0.0,0.0,0.40322580645161293,0.4096385542168675,0.7475728155339805,0.6295862149806587,0.4306095979247731,0.7475728155339805,0.01682439537329128,0.2922655883123485,0.0,0.07379171461449943,0.14062499999999997,0.0,0hBby0yygBY1u3m6tSpZgC
91,0.0,0.0,0.0,0.0,0.0,0.0,0.0,0.0,0.0,0.0,0.0,0.0,0.0,0.0,0.0,0.0,0.0,0.0,0.0,0.0,0.0,0.0,0.0,0.0,0.0,0.0,0.0,0.0,0.0,0.0,0.0,0.0,0.0,0.0,0.0,0.0,0.0,0.0,0.0,0.0,0.0,0.0,0.0,0.0,0.0,0.0,0.0,0.9183887667928964,0.0,0.0,0.0,0.0,0.0,0.0,0.0,0.0,0.0,0.0,0.0,0.0,0.0,0.0,0.0,0.0,0.39567925524169595,0.0,0.0,0.0,0.0,0.0,0.0,0.0,0.0,0.0,0.0,0.0,0.0,0.0,0.0,0.0,0.0,0.0,0.0,0.0,0.0,0.0,0.0,0.0,0.0,0.0,0.0,0.0,0.0,0.0,0.0,0.0,0.0,0.0,0.5161290322580645,0.39759036144578314,0.8557029570888608,0.8593365373344273,0.5110246433203631,0.8557029570888608,0.03049421661409045,0.3191415786296011,0.0,0.08299769850402763,0.8906249999999999,0.24490350638760539,6cbBAD1AAYVaQR1cx89AZX
92,0.0,0.0,0.0,0.0,0.0,0.0,0.0,0.0,0.0,0.0,0.0,0.0,0.0,0.0,0.0,0.0,0.0,0.0,0.0,0.0,0.0,0.0,0.0,0.0,0.0,0.0,0.0,0.0,0.0,0.0,0.0,0.0,0.0,0.0,0.0,0.0,0.0,0.0,0.0,0.0,0.0,0.0,0.0,0.0,0.0,0.0,0.0,0.0,0.0,0.0,0.0,0.0,0.0,0.0,0.0,0.0,0.0,0.0,0.0,0.0,0.0,0.0,0.0,0.0,0.0,0.0,0.0,0.0,0.0,0.0,0.0,0.0,0.0,0.0,0.0,0.0,0.0,0.0,0.0,0.0,0.0,0.0,0.0,0.0,0.0,0.0,0.0,0.0,0.0,0.0,0.0,0.0,0.0,1.0,0.0,0.0,0.0,0.0,0.11290322580645157,0.5301204819277109,0.7592825909730971,0.7925213925682804,0.7665369649805449,0.7592825909730971,0.5730809674027341,0.34601756894685365,0.0,0.15707710011507484,0.9122596153846153,0.27997401202606753,1k0GxoZYv3Yx5mNeXMOZN2
93,0.0,0.0,0.0,0.0,0.0,0.0,0.0,0.0,0.0,0.0,0.0,0.0,0.0,0.0,0.0,0.0,0.0,0.0,0.0,0.0,0.0,0.0,0.0,0.0,0.0,0.0,0.0,0.0,0.0,0.0,0.0,0.0,0.0,0.0,0.0,0.0,0.0,0.0,0.0,0.0,0.0,0.0,0.0,0.0,0.0,0.0,0.0,0.0,0.0,0.0,0.0,0.0,0.0,0.0,0.0,0.0,0.0,0.0,0.0,0.0,0.0,0.0,0.0,0.0,0.0,0.0,0.0,0.0,0.0,0.0,0.0,0.0,0.0,0.0,0.0,0.0,0.0,0.0,0.0,0.0,0.0,0.0,0.0,0.0,0.0,0.0,0.0,0.0,0.0,0.0,0.0,0.0,0.0,1.0,0.0,0.0,0.0,0.0,0.11290322580645157,0.5903614457831325,0.5920106722004002,0.766733091079592,0.649805447470817,0.5920106722004002,0.26603575184016826,0.24523260525715648,0.0,0.1513233601841197,0.5120192307692307,0.5575017071181856,74tqql9zP6JjF5hjkHHUXp
94,0.0,0.0,0.0,0.0,0.0,0.0,0.0,0.0,0.0,0.0,0.0,0.0,0.0,0.0,0.0,0.0,0.0,0.0,0.0,0.0,0.0,0.0,0.0,0.0,0.0,0.0,0.0,0.0,0.0,0.0,0.0,0.0,0.0,0.0,0.0,0.0,0.0,0.0,0.0,0.0,0.0,0.0,0.0,0.0,0.0,0.0,0.0,0.0,0.0,0.0,0.0,0.0,0.0,0.0,0.0,0.0,0.0,0.0,0.0,0.0,0.0,0.0,0.0,0.0,0.3676009189671675,0.9299836366165234,0.0,0.0,0.0,0.0,0.0,0.0,0.0,0.0,0.0,0.0,0.0,0.0,0.0,0.0,0.0,0.0,0.0,0.0,0.0,0.0,0.0,0.0,0.0,0.0,0.0,0.0,0.0,0.0,0.0,0.0,0.0,0.0,1.0,0.012048192771084338,0.8396946564885495,0.532293986636971,0.8313878080415047,0.8396946564885495,0.020820189274447967,0.007044141070505409,1.6952573158425832e-06,0.14844649021864215,0.39302884615384615,0.31141813456732015,4erhEGuOGQgjv3p1bccnpn
95,0.0,0.0,0.0,0.0,0.0,0.0,0.0,0.0,0.0,0.0,0.0,0.0,0.0,0.0,0.0,0.0,0.0,0.0,0.0,0.0,0.0,0.0,0.0,0.0,0.0,0.0,0.0,0.0,0.0,0.0,0.0,0.0,0.0,0.0,0.0,0.0,0.0,0.0,0.0,0.0,0.0,0.0,0.0,0.0,0.0,0.0,0.0,0.0,0.0,0.0,0.0,0.0,0.0,0.0,0.0,0.0,0.0,0.0,0.0,0.0,0.0,0.0,0.0,0.0,0.3676009189671675,0.0,0.9299836366165234,0.0,0.0,0.0,0.0,0.0,0.0,0.0,0.0,0.0,0.0,0.0,0.0,0.0,0.0,0.0,0.0,0.0,0.0,0.0,0.0,0.0,0.0,0.0,0.0,0.0,0.0,0.0,0.0,0.0,0.0,0.0,0.2096774193548387,0.0,0.9999999999999999,0.7550111358574609,0.8988326848249029,0.9999999999999999,0.028601472134595185,0.3527365665261668,0.0,0.11536248561565018,0.46153846153846145,0.4439103945266145,4hRA2rCPaCOpoEIq5qXaBz
96,0.0,0.0,0.0,0.0,0.0,0.0,0.0,0.0,0.0,0.0,0.0,0.0,0.0,0.0,0.0,0.0,0.0,0.0,0.0,0.0,0.0,0.0,0.0,0.0,0.0,0.0,0.0,0.0,0.0,0.0,0.0,0.0,0.0,0.0,0.0,0.0,0.0,0.0,0.0,0.0,0.0,0.0,0.0,0.0,0.0,0.0,0.0,0.0,0.0,0.0,0.0,0.0,0.0,0.0,0.0,0.0,0.0,0.0,0.0,0.0,0.0,0.0,0.0,0.0,1.0,0.0,0.0,0.0,0.0,0.0,0.0,0.0,0.0,0.0,0.0,0.0,0.0,0.0,0.0,0.0,0.0,0.0,0.0,0.0,0.0,0.0,0.0,0.0,0.0,0.0,0.0,0.0,0.0,0.0,0.0,0.0,0.0,0.0,0.596774193548387,0.0,0.45008522937819606,0.6143476731918883,0.05317769130998706,0.45008522937819606,0.025446898002103063,0.8779382106424779,0.0,0.08012082853855007,0.2860576923076923,0.4226692035879315,1enx9LPZrXxaVVBxas5rRm
97,0.0,0.0,0.0,0.0,0.0,0.0,0.0,0.0,0.0,0.0,0.0,0.0,0.0,0.0,0.0,0.0,0.0,0.0,0.0,0.0,0.0,0.0,0.0,0.0,0.0,0.0,0.0,0.0,0.0,0.0,0.0,0.0,0.0,0.0,0.0,0.0,0.0,0.0,0.0,0.0,0.0,0.0,0.0,0.0,0.0,0.0,0.0,0.0,0.0,0.0,0.0,0.0,0.0,0.0,0.0,0.0,0.0,0.0,0.0,0.0,0.0,0.0,0.0,0.0,1.0,0.0,0.0,0.0,0.0,0.0,0.0,0.0,0.0,0.0,0.0,0.0,0.0,0.0,0.0,0.0,0.0,0.0,0.0,0.0,0.0,0.0,0.0,0.0,0.0,0.0,0.0,0.0,0.0,0.0,0.0,0.0,0.0,0.0,0.596774193548387,0.0,0.6580449121766841,0.7948657836127065,0.5875486381322959,0.6580449121766841,0.2555205047318612,0.028880883203273137,0.0,0.09306674338319909,0.3076923076923077,0.1327242954408342,0WNGsQ1oAuHzNTk8jivBKW
98,0.0,0.0,0.0,0.0,0.0,0.0,0.0,0.0,0.0,0.0,0.0,0.0,0.0,0.0,0.0,0.0,0.0,0.0,0.0,0.0,0.0,0.0,0.0,0.0,0.0,0.0,0.0,0.0,0.0,0.0,0.0,0.0,0.0,0.0,0.0,0.0,0.0,0.0,0.0,0.0,0.0,0.0,0.0,0.0,0.0,0.0,0.9299836366165234,0.0,0.0,0.0,0.0,0.0,0.0,0.0,0.0,0.0,0.0,0.0,0.0,0.0,0.0,0.0,0.0,0.0,0.3676009189671675,0.0,0.0,0.0,0.0,0.0,0.0,0.0,0.0,0.0,0.0,0.0,0.0,0.0,0.0,0.0,0.0,0.0,0.0,0.0,0.0,0.0,0.0,0.0,0.0,0.0,0.0,0.0,0.0,0.0,0.0,0.0,0.0,0.0,0.45161290322580644,0.0,0.9284073223152745,0.6084866955808228,0.8690012970168612,0.9284073223152745,0.05972660357518404,0.2732284285042946,0.0,0.12543153049482164,0.10336538461538461,0.4634544116574627,24psBRmEw3kHjBGZfl1dmb
